--
-- PostgreSQL database dump
--

-- Dumped from database version 12.2 (Debian 12.2-2.pgdg100+1)
-- Dumped by pg_dump version 12.2 (Debian 12.2-2.pgdg100+1)

SET statement_timeout = 0;
SET lock_timeout = 0;
SET idle_in_transaction_session_timeout = 0;
SET client_encoding = 'UTF8';
SET standard_conforming_strings = on;
SELECT pg_catalog.set_config('search_path', '', false);
SET check_function_bodies = false;
SET xmloption = content;
SET client_min_messages = warning;
SET row_security = off;

SET default_tablespace = '';

SET default_table_access_method = heap;

--
-- Name: customers; Type: TABLE; Schema: public; Owner: postgres
--

CREATE TABLE public.customers (
    customer_number integer NOT NULL,
    customer_name character varying,
    city character varying,
    country character varying
);


ALTER TABLE public.customers OWNER TO postgres;

--
-- Name: order_details; Type: TABLE; Schema: public; Owner: postgres
--

CREATE TABLE public.order_details (
    order_line_number integer NOT NULL,
    order_number integer NOT NULL,
    product_code character varying,
    quantity_ordered integer,
    price_each money
);


ALTER TABLE public.order_details OWNER TO postgres;

--
-- Name: orders; Type: TABLE; Schema: public; Owner: postgres
--

CREATE TABLE public.orders (
    order_number integer NOT NULL,
    order_date timestamp without time zone,
    customer_number integer
);


ALTER TABLE public.orders OWNER TO postgres;

--
-- Name: products; Type: TABLE; Schema: public; Owner: postgres
--

CREATE TABLE public.products (
    product_code character varying NOT NULL,
    product_name character varying,
    product_line character varying,
    buy_price money,
    msrp money
);


ALTER TABLE public.products OWNER TO postgres;

--
-- Data for Name: customers; Type: TABLE DATA; Schema: public; Owner: postgres
--

COPY public.customers (customer_number, customer_name, city, country) FROM stdin;
363	Online Diecast Creations Co.	Nashua	USA
128	Blauer See Auto, Co.	Frankfurt	Germany
181	Vitachrome Inc.	NYC	USA
121	Baane Mini Imports	Stavern	Norway
141	Euro+ Shopping Channel	Madrid	Spain
145	Danish Wholesale Imports	Kobenhavn	Denmark
278	Rovelli Gifts	Bergamo	Italy
131	Land of Toys Inc.	NYC	USA
385	Cruz & Sons Co.	Makati City	Philippines
486	Motor Mint Distributors Inc.	Philadelphia	USA
187	AV Stores, Co.	Manchester	UK
129	Mini Wheels Co.	San Francisco	USA
144	Volvo Model Replicas, Co	Lule	Sweden
124	Mini Gifts Distributors Ltd.	San Rafael	USA
172	La Corne D'abondance, Co.	Paris	France
424	Classic Legends Inc.	NYC	USA
381	Royale Belge	Charleroi	Belgium
148	Dragon Souveniers, Ltd.	Singapore	Singapore
216	Enaco Distributors	Barcelona	Spain
382	Salzburg Collectables	Salzburg	Austria
114	Australian Collectors, Co.	Melbourne	Australia
353	Reims Collectables	Reims	France
350	Marseille Mini Autos	Marseille	France
103	Atelier graphique	Nantes	France
112	Signal Gift Stores	Las Vegas	USA
458	Corrida Auto Replicas, Ltd	Madrid	Spain
151	Muscle Machine Inc	NYC	USA
324	Stylish Desk Decors, Co.	London	UK
198	Auto-Moto Classics Inc.	Brickhaven	USA
447	Gift Ideas Corp.	Glendale	USA
323	Down Under Souveniers, Inc	Auckland  	New Zealand
250	Lyon Souveniers	Paris	France
242	Alpha Cognac	Toulouse	France
496	Kelly's Gift Shop	Auckland  	New Zealand
282	Souveniers And Things Co.	Chatswood	Australia
161	Technics Stores Inc.	Burlingame	USA
334	Suominen Souveniers	Espoo	Finland
320	Mini Creations Ltd.	New Bedford	USA
205	Toys4GrownUps.com	Pasadena	USA
379	Collectables For Less Inc.	Brickhaven	USA
276	Anna's Decorations, Ltd	North Sydney	Australia
487	Signal Collectibles Ltd.	Brisbane	USA
311	Oulu Toy Supplies, Inc.	Oulu	Finland
333	Australian Gift Network, Co	South Brisbane	Australia
219	Boards & Toys Co.	Glendale	USA
186	Toys of Finland, Co.	Helsinki	Finland
473	Frau da Collezione	Milan	Italy
321	Corporate Gift Ideas Co.	San Francisco	USA
347	Men 'R' US Retailers, Ltd.	Los Angeles	USA
227	Heintze Collectables	Aalborg	Denmark
452	Mini Auto Werke	Graz	Austria
462	FunGiftIdeas.com	New Bedford	USA
448	Scandinavian Gift Ideas	Göteborg	Sweden
233	Qu	Montreal	Canada
175	Gift Depot Inc.	Bridgewater	USA
386	L'ordine Souveniers	Reggio Emilia	Italy
344	CAF Imports	Madrid	Spain
171	Daedalus Designs Imports	Lille	France
167	Herkku Gifts	Bergen	Norway  
339	Classic Gift Ideas, Inc	Philadelphia	USA
484	Iberia Gift Imports, Corp.	Sevilla	Spain
489	Double Decker Gift Stores, Ltd	London	UK
211	King Kong Collectables, Co.	Central Hong Kong	Hong Kong
259	Toms Spezialit	Karlsruhe	Germany
471	Australian Collectables, Ltd	Glen Waverly	Australia
146	Saveley & Henriot, Co.	Lyon	France
319	Mini Classics	White Plains	USA
455	Super Scale Inc.	New Haven	USA
475	West Coast Collectables Co.	Burbank	USA
357	GiftsForHim.com	Auckland	New Zealand
202	Canadian Gift Exchange Network	Vancouver	Canada
495	Diecast Collectables	Boston	USA
177	Osaka Souveniers Co.	Kita-ku	Japan
406	Auto Canal+ Petit	Paris	France
256	Auto Associ	Versailles	France
166	Handji Gifts& Co	Singapore	Singapore
189	Clover Collections, Co.	Dublin	Ireland
314	Petit Auto	Bruxelles	Belgium
239	Collectable Mini Designs Co.	San Diego	USA
298	Vida Sport, Ltd	Geneva	Switzerland
173	Cambridge Collectables Co.	Cambridge	USA
240	giftsbymail.co.uk	Cowes	UK
328	Tekni Collectables Inc.	Newark	USA
412	Extreme Desk Decorations, Ltd	Wellington	New Zealand
260	Royal Canadian Collectables, Ltd.	Tsawwassen	Canada
209	Mini Caravy	Strasbourg	France
456	Microscale Inc.	NYC	USA
450	The Sharp Gifts Warehouse	San Jose	USA
201	UK Collectables, Ltd.	Liverpool	UK
398	Tokyo Collectables, Ltd	Minato-ku	Japan
362	Gifts4AllAges.com	Boston	USA
157	Diecast Classics Inc.	Allentown	USA
119	La Rochelle Gifts	Nantes	France
204	Online Mini Collectables	Brickhaven	USA
249	Amica Models & Co.	Torino	Italy
299	Norway Gifts By Mail, Co.	Oslo	Norway  
286	Marta's Replicas Co.	Cambridge	USA
415	Bavarian Collectables Imports, Co.	Munich	Germany
\.


--
-- Data for Name: order_details; Type: TABLE DATA; Schema: public; Owner: postgres
--

COPY public.order_details (order_line_number, order_number, product_code, quantity_ordered, price_each) FROM stdin;
3	10100	\N	30	$136.00
2	10100	\N	50	$55.09
4	10100	\N	22	$75.46
1	10100	\N	49	$35.29
4	10101	\N	25	$108.06
1	10101	\N	26	$167.06
3	10101	\N	45	$32.53
2	10101	\N	46	$44.35
2	10102	\N	39	$95.55
1	10102	\N	41	$43.13
11	10103	\N	26	$214.30
4	10103	\N	42	$119.67
8	10103	\N	27	$121.64
10	10103	\N	35	$94.50
2	10103	\N	22	$58.34
12	10103	\N	27	$92.19
14	10103	\N	35	$61.84
13	10103	\N	25	$86.92
16	10103	\N	46	$86.31
5	10103	\N	36	$98.07
9	10103	\N	41	$40.75
1	10103	\N	36	$107.34
15	10103	\N	25	$88.62
3	10103	\N	31	$92.46
7	10103	\N	45	$63.35
6	10103	\N	42	$94.07
1	10104	\N	34	$131.44
9	10104	\N	41	$111.39
8	10104	\N	24	$135.90
12	10104	\N	29	$122.73
13	10104	\N	23	$165.95
3	10104	\N	38	$119.20
6	10104	\N	35	$52.02
10	10104	\N	44	$30.41
5	10104	\N	26	$106.45
11	10104	\N	35	$51.95
4	10104	\N	49	$56.55
7	10104	\N	33	$114.59
2	10104	\N	32	$53.31
2	10105	\N	50	$127.84
15	10105	\N	41	$205.72
14	10105	\N	29	$141.88
11	10105	\N	22	$136.59
13	10105	\N	38	$87.73
10	10105	\N	41	$75.48
9	10105	\N	43	$117.97
4	10105	\N	44	$73.46
1	10105	\N	50	$75.47
5	10105	\N	41	$54.00
12	10105	\N	29	$86.61
3	10105	\N	31	$60.72
6	10105	\N	39	$92.16
7	10105	\N	22	$99.31
8	10105	\N	25	$44.77
12	10106	\N	36	$134.04
2	10106	\N	34	$81.10
18	10106	\N	41	$80.86
17	10106	\N	41	$94.22
4	10106	\N	28	$107.23
13	10106	\N	49	$65.77
14	10106	\N	31	$55.89
11	10106	\N	50	$55.96
3	10106	\N	26	$71.00
5	10106	\N	33	$65.35
6	10106	\N	39	$35.78
7	10106	\N	31	$91.34
16	10106	\N	30	$85.09
9	10106	\N	34	$99.72
1	10106	\N	32	$113.90
8	10106	\N	44	$76.00
10	10106	\N	48	$70.33
15	10106	\N	48	$43.70
2	10107	\N	30	$81.35
5	10107	\N	39	$105.86
4	10107	\N	27	$172.36
1	10107	\N	21	$122.00
6	10107	\N	29	$52.70
3	10107	\N	25	$96.92
7	10107	\N	38	$73.12
8	10107	\N	20	$88.90
6	10108	\N	33	$165.38
4	10108	\N	45	$96.30
7	10108	\N	39	$75.81
3	10108	\N	36	$107.10
2	10108	\N	38	$67.76
9	10108	\N	26	$73.17
8	10108	\N	29	$132.29
12	10108	\N	43	$52.84
11	10108	\N	44	$139.87
15	10108	\N	35	$64.41
5	10108	\N	30	$60.01
1	10108	\N	40	$132.00
10	10108	\N	31	$67.10
13	10108	\N	27	$36.21
16	10108	\N	31	$87.76
14	10108	\N	34	$74.85
4	10109	\N	26	$117.48
3	10109	\N	38	$137.98
1	10109	\N	26	$126.72
5	10109	\N	46	$160.87
2	10109	\N	47	$125.74
6	10109	\N	29	$32.10
16	10110	\N	37	$118.22
7	10110	\N	42	$153.00
6	10110	\N	32	$51.46
4	10110	\N	33	$115.69
1	10110	\N	31	$163.69
8	10110	\N	28	$81.91
9	10110	\N	42	$62.00
13	10110	\N	36	$72.02
15	10110	\N	29	$43.27
3	10110	\N	20	$28.88
2	10110	\N	39	$40.77
11	10110	\N	43	$82.69
10	10110	\N	46	$112.74
12	10110	\N	27	$80.47
14	10110	\N	37	$96.37
5	10110	\N	48	$35.29
6	10111	\N	33	$87.33
5	10111	\N	48	$48.52
2	10111	\N	28	$53.09
1	10111	\N	43	$94.25
4	10111	\N	39	$91.27
3	10111	\N	26	$85.70
1	10112	\N	29	$197.16
2	10112	\N	23	$85.10
2	10113	\N	21	$121.64
4	10113	\N	49	$101.50
3	10113	\N	50	$43.27
1	10113	\N	23	$58.82
8	10114	\N	31	$128.53
3	10114	\N	39	$106.78
6	10114	\N	45	$53.48
4	10114	\N	48	$169.34
9	10114	\N	41	$105.34
5	10114	\N	21	$102.23
1	10114	\N	24	$28.64
7	10114	\N	32	$88.61
2	10114	\N	28	$43.83
10	10114	\N	42	$82.94
5	10115	\N	46	$111.39
4	10115	\N	46	$140.81
2	10115	\N	47	$56.64
1	10115	\N	44	$106.45
3	10115	\N	27	$100.70
1	10116	\N	27	$60.28
9	10117	\N	33	$195.33
10	10117	\N	43	$148.06
8	10117	\N	39	$173.02
5	10117	\N	26	$121.57
7	10117	\N	21	$81.68
12	10117	\N	22	$122.08
4	10117	\N	23	$73.73
3	10117	\N	41	$119.20
11	10117	\N	21	$55.65
6	10117	\N	38	$75.35
1	10117	\N	45	$89.38
2	10117	\N	50	$52.42
1	10118	\N	36	$86.15
11	10119	\N	46	$112.88
3	10119	\N	43	$151.38
9	10119	\N	21	$74.84
8	10119	\N	27	$95.28
4	10119	\N	41	$64.40
13	10119	\N	35	$72.58
5	10119	\N	20	$63.12
10	10119	\N	35	$82.18
2	10119	\N	28	$62.10
14	10119	\N	25	$57.34
7	10119	\N	29	$74.23
12	10119	\N	38	$67.22
1	10119	\N	26	$63.67
6	10119	\N	28	$40.22
3	10120	\N	29	$118.94
2	10120	\N	46	$158.80
8	10120	\N	29	$82.79
4	10120	\N	46	$57.54
1	10120	\N	35	$110.45
10	10120	\N	39	$93.01
5	10120	\N	34	$72.36
9	10120	\N	29	$71.73
6	10120	\N	22	$94.90
11	10120	\N	29	$68.79
12	10120	\N	49	$41.46
13	10120	\N	47	$91.34
15	10120	\N	24	$81.77
7	10120	\N	24	$106.79
14	10120	\N	43	$72.00
5	10121	\N	34	$86.13
4	10121	\N	50	$126.52
2	10121	\N	32	$58.18
3	10121	\N	25	$95.93
1	10121	\N	44	$72.41
10	10122	\N	42	$155.66
8	10122	\N	37	$113.92
11	10122	\N	32	$65.44
7	10122	\N	20	$104.80
2	10122	\N	34	$114.65
6	10122	\N	43	$62.37
1	10122	\N	31	$113.80
3	10122	\N	25	$137.17
13	10122	\N	21	$69.15
12	10122	\N	21	$133.76
16	10122	\N	35	$59.06
15	10122	\N	28	$145.82
4	10122	\N	39	$34.74
9	10122	\N	34	$50.82
5	10122	\N	43	$136.22
14	10122	\N	29	$67.10
17	10122	\N	31	$33.79
2	10123	\N	26	$120.71
3	10123	\N	46	$114.84
4	10123	\N	34	$117.26
1	10123	\N	50	$43.27
6	10124	\N	21	$153.00
5	10124	\N	42	$58.12
3	10124	\N	42	$111.87
7	10124	\N	36	$75.46
8	10124	\N	23	$66.28
12	10124	\N	22	$62.47
2	10124	\N	45	$30.53
1	10124	\N	22	$36.29
10	10124	\N	32	$74.51
9	10124	\N	25	$93.95
11	10124	\N	49	$76.19
13	10124	\N	43	$101.73
4	10124	\N	46	$36.11
1	10125	\N	32	$89.38
2	10125	\N	34	$138.38
11	10126	\N	38	$205.73
4	10126	\N	22	$122.62
8	10126	\N	21	$135.30
10	10126	\N	38	$116.67
17	10126	\N	42	$51.21
2	10126	\N	43	$51.05
12	10126	\N	31	$93.21
14	10126	\N	46	$61.84
13	10126	\N	30	$93.20
16	10126	\N	38	$94.25
5	10126	\N	50	$102.92
9	10126	\N	43	$47.29
1	10126	\N	27	$122.68
15	10126	\N	34	$83.76
3	10126	\N	43	$82.83
7	10126	\N	26	$62.05
6	10126	\N	45	$97.10
2	10127	\N	46	$193.25
3	10127	\N	46	$140.50
1	10127	\N	42	$169.56
11	10127	\N	24	$100.73
10	10127	\N	45	$140.81
14	10127	\N	45	$114.14
15	10127	\N	22	$149.02
5	10127	\N	25	$126.39
8	10127	\N	20	$50.86
12	10127	\N	39	$34.30
7	10127	\N	20	$107.63
13	10127	\N	45	$46.53
6	10127	\N	29	$60.90
9	10127	\N	46	$111.12
4	10127	\N	46	$55.65
2	10128	\N	41	$120.20
4	10128	\N	41	$80.67
1	10128	\N	43	$77.24
3	10128	\N	32	$72.75
2	10129	\N	33	$123.76
9	10129	\N	45	$113.06
4	10129	\N	41	$81.43
1	10129	\N	50	$76.31
5	10129	\N	31	$58.67
3	10129	\N	45	$72.28
6	10129	\N	42	$90.15
7	10129	\N	30	$94.34
8	10129	\N	32	$44.23
2	10130	\N	40	$68.82
1	10130	\N	33	$99.52
4	10131	\N	21	$141.92
5	10131	\N	35	$60.97
6	10131	\N	29	$52.60
3	10131	\N	50	$54.59
8	10131	\N	22	$76.94
1	10131	\N	40	$86.76
2	10131	\N	26	$63.67
7	10131	\N	21	$40.22
1	10132	\N	36	$80.00
3	10133	\N	49	$80.26
5	10133	\N	41	$109.42
4	10133	\N	46	$61.58
1	10133	\N	23	$80.91
6	10133	\N	49	$67.41
7	10133	\N	27	$37.09
8	10133	\N	24	$76.73
2	10133	\N	27	$115.09
2	10134	\N	41	$90.92
5	10134	\N	27	$116.56
4	10134	\N	31	$187.85
1	10134	\N	20	$131.04
6	10134	\N	30	$51.48
3	10134	\N	35	$94.67
7	10134	\N	43	$75.41
7	10135	\N	42	$173.17
5	10135	\N	48	$110.39
8	10135	\N	24	$72.62
4	10135	\N	29	$103.64
3	10135	\N	48	$66.99
10	10135	\N	45	$65.94
9	10135	\N	42	$139.64
13	10135	\N	45	$49.74
12	10135	\N	31	$133.92
16	10135	\N	29	$67.18
1	10135	\N	20	$34.36
6	10135	\N	27	$52.05
2	10135	\N	47	$139.03
11	10135	\N	23	$76.80
14	10135	\N	33	$38.62
17	10135	\N	30	$91.85
15	10135	\N	44	$78.92
2	10136	\N	25	$117.48
1	10136	\N	36	$120.91
3	10136	\N	41	$169.34
2	10137	\N	44	$115.73
3	10137	\N	37	$110.88
4	10137	\N	31	$118.68
1	10137	\N	26	$40.25
6	10138	\N	33	$149.60
5	10138	\N	22	$51.46
3	10138	\N	38	$114.42
7	10138	\N	47	$79.15
8	10138	\N	23	$64.86
12	10138	\N	45	$59.53
2	10138	\N	22	$33.19
1	10138	\N	33	$38.53
10	10138	\N	28	$73.60
9	10138	\N	30	$96.30
11	10138	\N	49	$77.05
13	10138	\N	21	$99.58
4	10138	\N	29	$32.82
7	10139	\N	31	$89.38
6	10139	\N	49	$52.83
8	10139	\N	41	$151.88
1	10139	\N	46	$91.18
3	10139	\N	20	$52.47
2	10139	\N	20	$101.58
5	10139	\N	30	$81.35
4	10139	\N	29	$93.49
11	10140	\N	37	$186.44
4	10140	\N	26	$131.49
8	10140	\N	38	$118.90
10	10140	\N	32	$95.67
2	10140	\N	46	$51.05
5	10140	\N	40	$100.50
9	10140	\N	29	$40.25
1	10140	\N	47	$118.84
3	10140	\N	26	$87.64
7	10140	\N	28	$62.05
6	10140	\N	36	$101.15
5	10141	\N	21	$114.95
4	10141	\N	39	$160.46
8	10141	\N	47	$103.09
9	10141	\N	34	$143.94
2	10141	\N	20	$50.86
6	10141	\N	21	$32.18
1	10141	\N	40	$104.09
7	10141	\N	24	$53.03
3	10141	\N	44	$94.92
12	10142	\N	33	$166.24
13	10142	\N	33	$140.50
11	10142	\N	46	$167.83
8	10142	\N	47	$129.76
10	10142	\N	22	$95.80
15	10142	\N	24	$122.08
7	10142	\N	24	$79.87
6	10142	\N	33	$114.29
1	10142	\N	49	$74.35
16	10142	\N	42	$60.90
14	10142	\N	42	$56.24
2	10142	\N	41	$55.34
9	10142	\N	43	$77.08
3	10142	\N	21	$92.16
4	10142	\N	38	$91.37
5	10142	\N	39	$46.96
15	10143	\N	49	$133.28
7	10143	\N	32	$126.15
13	10143	\N	46	$70.54
12	10143	\N	34	$99.52
8	10143	\N	27	$63.71
9	10143	\N	33	$59.83
14	10143	\N	23	$74.64
6	10143	\N	28	$55.96
1	10143	\N	34	$34.91
2	10143	\N	36	$86.77
11	10143	\N	26	$87.80
4	10143	\N	26	$79.78
16	10143	\N	31	$69.39
3	10143	\N	28	$70.40
5	10143	\N	34	$65.15
10	10143	\N	37	$49.66
1	10144	\N	20	$56.41
6	10145	\N	45	$76.56
9	10145	\N	37	$104.67
8	10145	\N	33	$154.93
5	10145	\N	49	$146.10
14	10145	\N	30	$71.81
10	10145	\N	30	$52.70
7	10145	\N	43	$103.68
16	10145	\N	40	$87.54
11	10145	\N	47	$63.98
3	10145	\N	27	$56.10
15	10145	\N	33	$71.73
12	10145	\N	33	$99.89
1	10145	\N	31	$39.43
4	10145	\N	27	$95.93
2	10145	\N	38	$73.22
13	10145	\N	20	$113.90
2	10146	\N	47	$60.30
1	10146	\N	29	$130.94
7	10147	\N	48	$161.49
5	10147	\N	31	$110.39
8	10147	\N	21	$74.21
4	10147	\N	33	$97.89
3	10147	\N	26	$70.84
10	10147	\N	36	$74.78
9	10147	\N	37	$129.35
1	10147	\N	25	$33.23
6	10147	\N	30	$48.98
2	10147	\N	23	$123.58
11	10147	\N	31	$72.76
13	10148	\N	23	$114.65
9	10148	\N	47	$108.26
12	10148	\N	25	$136.56
10	10148	\N	27	$113.52
14	10148	\N	32	$143.94
11	10148	\N	28	$135.63
1	10148	\N	34	$83.75
2	10148	\N	29	$66.28
6	10148	\N	25	$65.41
8	10148	\N	47	$46.29
4	10148	\N	21	$77.24
3	10148	\N	34	$115.09
5	10148	\N	31	$71.91
7	10148	\N	27	$96.37
4	10149	\N	50	$87.33
3	10149	\N	30	$48.52
11	10149	\N	34	$156.40
10	10149	\N	24	$50.85
8	10149	\N	33	$125.86
5	10149	\N	23	$167.06
2	10149	\N	42	$89.29
7	10149	\N	36	$31.20
6	10149	\N	49	$39.87
9	10149	\N	26	$38.57
1	10149	\N	20	$90.57
8	10150	\N	45	$182.16
1	10150	\N	20	$121.15
5	10150	\N	30	$135.30
7	10150	\N	34	$95.67
9	10150	\N	47	$93.21
11	10150	\N	30	$56.21
10	10150	\N	26	$97.39
2	10150	\N	49	$111.39
6	10150	\N	30	$47.29
4	10150	\N	49	$62.05
3	10150	\N	20	$95.08
3	10151	\N	24	$114.95
2	10151	\N	43	$152.27
6	10151	\N	49	$106.78
9	10151	\N	39	$58.34
7	10151	\N	21	$167.65
8	10151	\N	42	$109.90
4	10151	\N	30	$29.35
10	10151	\N	27	$84.75
5	10151	\N	41	$43.29
1	10151	\N	26	$108.81
1	10152	\N	35	$117.77
4	10152	\N	25	$49.13
3	10152	\N	23	$112.37
2	10152	\N	33	$57.17
11	10153	\N	20	$201.57
12	10153	\N	42	$128.42
10	10153	\N	49	$155.72
7	10153	\N	31	$125.66
9	10153	\N	29	$82.69
6	10153	\N	22	$82.50
5	10153	\N	40	$111.83
13	10153	\N	31	$53.31
1	10153	\N	43	$58.00
8	10153	\N	31	$80.55
2	10153	\N	50	$87.15
3	10153	\N	20	$85.41
4	10153	\N	50	$51.87
2	10154	\N	31	$75.23
1	10154	\N	36	$59.27
13	10155	\N	32	$129.20
5	10155	\N	38	$138.77
11	10155	\N	44	$83.44
10	10155	\N	29	$105.87
6	10155	\N	23	$62.34
7	10155	\N	34	$56.55
12	10155	\N	37	$76.31
4	10155	\N	44	$58.69
9	10155	\N	32	$89.61
2	10155	\N	20	$87.75
1	10155	\N	43	$76.80
3	10155	\N	44	$70.33
8	10155	\N	34	$49.16
1	10156	\N	20	$43.64
2	10156	\N	48	$77.64
3	10157	\N	33	$69.27
5	10157	\N	40	$89.72
4	10157	\N	33	$66.65
1	10157	\N	34	$83.91
6	10157	\N	28	$56.41
2	10157	\N	48	$109.16
1	10158	\N	22	$67.79
14	10159	\N	49	$81.35
17	10159	\N	37	$101.10
16	10159	\N	22	$170.42
2	10159	\N	41	$188.73
13	10159	\N	38	$131.04
3	10159	\N	24	$67.03
18	10159	\N	42	$51.48
5	10159	\N	21	$66.74
4	10159	\N	25	$129.35
8	10159	\N	21	$54.71
7	10159	\N	32	$142.85
15	10159	\N	44	$100.30
11	10159	\N	27	$67.18
1	10159	\N	50	$49.60
6	10159	\N	23	$80.84
9	10159	\N	35	$39.43
12	10159	\N	23	$86.74
10	10159	\N	31	$78.11
6	10160	\N	46	$96.30
5	10160	\N	50	$93.28
4	10160	\N	38	$70.84
1	10160	\N	20	$140.55
2	10160	\N	42	$30.59
3	10160	\N	35	$130.60
12	10161	\N	28	$121.72
8	10161	\N	43	$102.04
11	10161	\N	48	$139.41
9	10161	\N	23	$125.40
10	10161	\N	36	$132.80
1	10161	\N	25	$62.72
5	10161	\N	37	$73.49
7	10161	\N	23	$47.29
3	10161	\N	20	$82.69
2	10161	\N	25	$108.04
4	10161	\N	20	$72.77
6	10161	\N	30	$94.23
2	10162	\N	48	$87.33
1	10162	\N	45	$45.28
9	10162	\N	29	$141.10
8	10162	\N	27	$53.28
6	10162	\N	38	$113.15
3	10162	\N	48	$156.94
10	10162	\N	39	$86.51
5	10162	\N	37	$27.55
4	10162	\N	43	$38.98
7	10162	\N	37	$32.82
1	10163	\N	21	$212.16
2	10163	\N	31	$101.31
4	10163	\N	48	$59.96
3	10163	\N	40	$101.58
6	10163	\N	43	$80.36
5	10163	\N	42	$96.42
2	10164	\N	21	$143.31
6	10164	\N	49	$121.64
8	10164	\N	36	$103.84
3	10164	\N	45	$107.76
7	10164	\N	25	$46.29
1	10164	\N	24	$91.49
5	10164	\N	49	$57.53
4	10164	\N	39	$86.99
3	10165	\N	44	$168.32
4	10165	\N	34	$123.89
2	10165	\N	27	$152.26
12	10165	\N	48	$109.02
11	10165	\N	29	$134.26
15	10165	\N	46	$120.28
18	10165	\N	31	$60.77
16	10165	\N	47	$154.10
1	10165	\N	50	$84.71
6	10165	\N	28	$123.51
9	10165	\N	25	$46.82
17	10165	\N	32	$117.57
13	10165	\N	27	$31.12
8	10165	\N	24	$106.45
14	10165	\N	48	$50.86
7	10165	\N	44	$55.30
10	10165	\N	48	$106.49
5	10165	\N	38	$49.21
2	10166	\N	43	$136.59
1	10166	\N	26	$72.85
3	10166	\N	29	$76.22
9	10167	\N	44	$123.76
1	10167	\N	43	$141.92
7	10167	\N	46	$69.68
6	10167	\N	34	$84.70
16	10167	\N	33	$110.60
2	10167	\N	21	$54.81
11	10167	\N	20	$77.00
3	10167	\N	32	$64.44
8	10167	\N	29	$73.80
12	10167	\N	43	$66.00
5	10167	\N	29	$87.80
10	10167	\N	46	$62.16
13	10167	\N	24	$85.14
14	10167	\N	28	$83.42
4	10167	\N	40	$42.71
15	10167	\N	38	$43.68
1	10168	\N	36	$94.74
4	10168	\N	27	$97.53
3	10168	\N	20	$160.74
9	10168	\N	21	$75.19
5	10168	\N	46	$49.06
2	10168	\N	50	$103.68
11	10168	\N	49	$93.01
6	10168	\N	29	$72.36
18	10168	\N	27	$57.32
10	10168	\N	48	$68.10
7	10168	\N	28	$89.90
12	10168	\N	31	$57.78
13	10168	\N	48	$39.71
14	10168	\N	28	$91.34
16	10168	\N	31	$87.75
8	10168	\N	36	$94.92
15	10168	\N	48	$72.00
17	10168	\N	39	$67.37
2	10169	\N	30	$163.44
13	10169	\N	35	$126.52
3	10169	\N	36	$71.82
5	10169	\N	32	$65.13
4	10169	\N	36	$136.70
8	10169	\N	38	$52.84
7	10169	\N	33	$120.53
11	10169	\N	38	$66.49
1	10169	\N	34	$53.27
6	10169	\N	24	$77.61
9	10169	\N	26	$37.01
12	10169	\N	34	$83.68
10	10169	\N	48	$75.66
4	10170	\N	47	$116.27
3	10170	\N	41	$93.28
2	10170	\N	20	$70.07
1	10170	\N	34	$130.60
2	10171	\N	35	$134.46
1	10171	\N	35	$128.03
3	10171	\N	39	$165.95
4	10171	\N	36	$34.74
6	10172	\N	42	$109.51
7	10172	\N	39	$117.48
8	10172	\N	48	$139.87
3	10172	\N	32	$61.00
5	10172	\N	34	$43.27
1	10172	\N	22	$79.97
2	10172	\N	24	$77.91
4	10172	\N	22	$87.81
6	10173	\N	43	$101.71
5	10173	\N	48	$51.75
13	10173	\N	24	$168.30
12	10173	\N	26	$55.09
10	10173	\N	31	$127.13
7	10173	\N	22	$140.06
2	10173	\N	28	$56.84
1	10173	\N	31	$86.92
4	10173	\N	29	$90.28
14	10173	\N	21	$77.31
15	10173	\N	39	$58.44
9	10173	\N	31	$29.87
8	10173	\N	27	$39.42
16	10173	\N	23	$98.65
11	10173	\N	35	$35.70
3	10173	\N	22	$93.49
4	10174	\N	34	$207.87
1	10174	\N	43	$113.44
3	10174	\N	48	$108.50
5	10174	\N	46	$100.30
2	10174	\N	49	$44.27
9	10175	\N	33	$119.67
1	10175	\N	26	$109.02
4	10175	\N	48	$101.87
7	10175	\N	41	$59.55
5	10175	\N	29	$150.71
10	10175	\N	47	$102.92
6	10175	\N	28	$121.40
2	10175	\N	37	$32.18
8	10175	\N	22	$89.57
3	10175	\N	50	$50.86
12	10175	\N	29	$56.24
11	10175	\N	42	$80.92
2	10176	\N	33	$166.24
3	10176	\N	47	$145.04
1	10176	\N	50	$160.91
10	10176	\N	20	$139.17
5	10176	\N	36	$140.75
8	10176	\N	27	$55.49
7	10176	\N	29	$101.72
6	10176	\N	22	$62.14
9	10176	\N	23	$109.96
4	10176	\N	38	$52.14
9	10177	\N	23	$113.37
11	10177	\N	29	$92.77
8	10177	\N	35	$82.50
7	10177	\N	50	$115.52
2	10177	\N	45	$79.66
3	10177	\N	24	$58.67
10	10177	\N	31	$77.95
1	10177	\N	32	$64.33
4	10177	\N	44	$88.15
5	10177	\N	24	$83.42
6	10177	\N	40	$52.96
12	10178	\N	24	$131.92
4	10178	\N	42	$127.73
10	10178	\N	41	$70.54
9	10178	\N	48	$104.81
5	10178	\N	34	$67.82
6	10178	\N	27	$65.75
11	10178	\N	21	$68.77
3	10178	\N	30	$64.15
8	10178	\N	34	$86.90
1	10178	\N	22	$91.74
2	10178	\N	45	$68.11
7	10178	\N	45	$41.71
3	10179	\N	24	$82.79
5	10179	\N	47	$105.04
4	10179	\N	27	$66.65
1	10179	\N	45	$86.90
6	10179	\N	24	$63.97
7	10179	\N	34	$43.20
8	10179	\N	23	$75.81
2	10179	\N	25	$98.48
9	10179	\N	39	$80.00
9	10180	\N	29	$76.56
12	10180	\N	42	$99.91
11	10180	\N	41	$164.61
8	10180	\N	40	$131.04
13	10180	\N	25	$48.46
3	10180	\N	21	$59.06
2	10180	\N	44	$147.31
10	10180	\N	48	$98.05
14	10180	\N	28	$61.70
6	10180	\N	35	$60.95
1	10180	\N	28	$68.71
4	10180	\N	34	$33.39
7	10180	\N	22	$102.05
5	10180	\N	21	$74.85
14	10181	\N	27	$155.66
12	10181	\N	28	$113.92
15	10181	\N	20	$67.03
11	10181	\N	36	$107.10
6	10181	\N	44	$124.56
2	10181	\N	42	$124.44
10	10181	\N	22	$74.69
5	10181	\N	21	$129.45
3	10181	\N	27	$130.68
7	10181	\N	45	$147.33
17	10181	\N	30	$73.17
16	10181	\N	22	$120.53
4	10181	\N	39	$137.04
1	10181	\N	34	$45.28
8	10181	\N	37	$32.85
13	10181	\N	23	$54.49
9	10181	\N	25	$122.17
3	10182	\N	25	$83.22
2	10182	\N	32	$44.21
10	10182	\N	44	$159.80
9	10182	\N	38	$54.49
7	10182	\N	20	$105.52
4	10182	\N	21	$135.00
1	10182	\N	33	$86.31
11	10182	\N	36	$88.35
12	10182	\N	44	$61.29
16	10182	\N	47	$63.20
6	10182	\N	39	$31.86
5	10182	\N	31	$39.87
14	10182	\N	36	$87.24
13	10182	\N	20	$116.27
15	10182	\N	33	$73.62
17	10182	\N	49	$95.30
8	10182	\N	23	$34.88
8	10183	\N	23	$180.01
1	10183	\N	28	$127.06
5	10183	\N	41	$114.80
7	10183	\N	21	$108.50
9	10183	\N	37	$91.18
11	10183	\N	39	$51.22
10	10183	\N	22	$90.06
2	10183	\N	21	$118.66
6	10183	\N	40	$42.26
12	10183	\N	47	$81.81
4	10183	\N	49	$52.36
3	10183	\N	23	$85.98
6	10184	\N	37	$105.47
5	10184	\N	46	$145.72
9	10184	\N	46	$119.05
12	10184	\N	44	$60.77
10	10184	\N	28	$165.95
3	10184	\N	31	$57.22
11	10184	\N	24	$117.57
7	10184	\N	42	$30.06
2	10184	\N	49	$114.73
13	10184	\N	46	$84.75
8	10184	\N	33	$52.49
1	10184	\N	48	$59.03
4	10184	\N	45	$92.60
13	10185	\N	21	$195.33
14	10185	\N	33	$146.55
12	10185	\N	43	$147.07
9	10185	\N	28	$124.30
11	10185	\N	49	$94.79
16	10185	\N	39	$127.82
8	10185	\N	47	$87.77
7	10185	\N	30	$105.69
2	10185	\N	33	$83.20
15	10185	\N	20	$46.86
3	10185	\N	21	$64.67
10	10185	\N	30	$79.68
1	10185	\N	39	$61.44
4	10185	\N	37	$99.17
5	10185	\N	22	$93.35
6	10185	\N	28	$47.50
9	10186	\N	26	$108.80
1	10186	\N	32	$137.19
7	10186	\N	32	$73.12
6	10186	\N	46	$98.46
2	10186	\N	22	$60.29
3	10186	\N	21	$59.83
8	10186	\N	36	$68.77
5	10186	\N	24	$80.56
4	10186	\N	28	$42.71
1	10187	\N	45	$70.12
3	10187	\N	46	$96.29
10	10187	\N	43	$55.96
2	10187	\N	33	$64.48
4	10187	\N	31	$61.22
5	10187	\N	41	$39.71
6	10187	\N	34	$84.95
8	10187	\N	44	$95.73
7	10187	\N	34	$72.00
9	10187	\N	44	$70.33
1	10188	\N	48	$95.70
4	10188	\N	38	$111.80
3	10188	\N	45	$182.04
5	10188	\N	32	$52.09
2	10188	\N	25	$95.80
6	10188	\N	40	$61.70
7	10188	\N	44	$81.91
8	10188	\N	29	$96.11
1	10189	\N	28	$138.57
3	10190	\N	42	$58.87
1	10190	\N	46	$38.62
4	10190	\N	42	$89.80
2	10190	\N	40	$67.53
3	10191	\N	21	$155.66
1	10191	\N	40	$104.52
4	10191	\N	30	$70.22
6	10191	\N	36	$75.59
5	10191	\N	23	$119.06
9	10191	\N	43	$60.93
8	10191	\N	32	$136.90
2	10191	\N	48	$53.27
7	10191	\N	44	$77.61
16	10192	\N	27	$99.04
11	10192	\N	22	$140.12
7	10192	\N	29	$100.80
15	10192	\N	45	$70.84
10	10192	\N	47	$128.03
8	10192	\N	38	$110.88
12	10192	\N	26	$137.17
9	10192	\N	45	$125.74
4	10192	\N	37	$72.02
6	10192	\N	47	$49.30
2	10192	\N	46	$86.33
1	10192	\N	23	$112.74
13	10192	\N	30	$33.23
3	10192	\N	32	$69.34
5	10192	\N	46	$93.16
14	10192	\N	45	$112.34
7	10193	\N	28	$92.47
6	10193	\N	46	$46.36
14	10193	\N	21	$153.00
13	10193	\N	42	$60.54
11	10193	\N	44	$115.69
8	10193	\N	22	$143.44
1	10193	\N	28	$87.13
3	10193	\N	24	$53.09
2	10193	\N	23	$97.39
5	10193	\N	32	$79.37
15	10193	\N	24	$92.03
16	10193	\N	25	$66.28
10	10193	\N	26	$32.19
9	10193	\N	20	$44.80
12	10193	\N	22	$38.16
4	10193	\N	20	$92.52
11	10194	\N	42	$203.59
4	10194	\N	26	$134.44
8	10194	\N	38	$124.37
10	10194	\N	21	$103.84
2	10194	\N	45	$51.05
5	10194	\N	32	$113.82
9	10194	\N	41	$47.79
1	10194	\N	49	$112.46
3	10194	\N	37	$77.05
7	10194	\N	39	$61.41
6	10194	\N	26	$80.92
6	10195	\N	49	$118.50
5	10195	\N	27	$139.17
9	10195	\N	35	$112.91
10	10195	\N	50	$150.71
3	10195	\N	44	$54.33
7	10195	\N	32	$31.82
2	10195	\N	34	$95.81
8	10195	\N	32	$51.95
1	10195	\N	33	$59.03
4	10195	\N	49	$97.23
5	10196	\N	47	$203.64
6	10196	\N	24	$151.08
4	10196	\N	38	$147.07
1	10196	\N	49	$127.03
3	10196	\N	35	$81.68
8	10196	\N	27	$126.39
7	10196	\N	46	$56.82
2	10196	\N	50	$84.88
6	10197	\N	45	$118.32
4	10197	\N	46	$83.44
3	10197	\N	22	$85.75
14	10197	\N	50	$78.99
13	10197	\N	41	$109.37
8	10197	\N	47	$83.20
5	10197	\N	22	$67.93
9	10197	\N	23	$60.00
2	10197	\N	24	$78.75
7	10197	\N	50	$66.50
10	10197	\N	27	$100.17
11	10197	\N	35	$88.39
1	10197	\N	29	$39.73
12	10197	\N	42	$48.59
4	10198	\N	42	$149.81
5	10198	\N	48	$60.97
6	10198	\N	27	$61.81
3	10198	\N	43	$65.51
1	10198	\N	42	$94.73
2	10198	\N	40	$74.03
1	10199	\N	29	$37.97
2	10199	\N	48	$81.29
3	10199	\N	38	$70.40
3	10200	\N	28	$74.34
5	10200	\N	33	$99.57
4	10200	\N	39	$70.28
1	10200	\N	35	$80.91
6	10200	\N	27	$65.35
2	10200	\N	39	$115.09
2	10201	\N	22	$82.30
5	10201	\N	24	$116.56
4	10201	\N	49	$191.72
1	10201	\N	25	$126.52
6	10201	\N	30	$48.46
3	10201	\N	39	$93.54
7	10201	\N	25	$66.27
3	10202	\N	30	$55.33
2	10202	\N	43	$124.99
6	10202	\N	50	$56.10
1	10202	\N	50	$75.18
4	10202	\N	27	$33.39
7	10202	\N	31	$81.64
5	10202	\N	40	$79.73
8	10203	\N	20	$161.49
6	10203	\N	20	$111.57
9	10203	\N	44	$63.84
5	10203	\N	47	$115.16
4	10203	\N	45	$73.15
1	10203	\N	48	$157.49
11	10203	\N	33	$66.74
10	10203	\N	32	$127.88
2	10203	\N	21	$33.23
7	10203	\N	34	$56.94
3	10203	\N	47	$140.43
17	10204	\N	42	$114.65
13	10204	\N	40	$113.24
4	10204	\N	33	$153.00
16	10204	\N	38	$133.72
3	10204	\N	23	$59.33
1	10204	\N	26	$119.50
14	10204	\N	27	$106.92
15	10204	\N	35	$132.80
5	10204	\N	29	$83.75
6	10204	\N	45	$69.84
10	10204	\N	20	$69.82
12	10204	\N	45	$46.79
8	10204	\N	47	$79.06
7	10204	\N	42	$112.74
9	10204	\N	40	$84.75
11	10204	\N	48	$104.94
2	10204	\N	39	$34.88
2	10205	\N	36	$98.63
1	10205	\N	48	$45.82
3	10205	\N	40	$138.38
5	10205	\N	32	$27.88
4	10205	\N	24	$36.74
6	10206	\N	47	$203.59
3	10206	\N	28	$109.34
5	10206	\N	34	$115.50
7	10206	\N	37	$98.27
9	10206	\N	28	$51.84
8	10206	\N	30	$102.63
11	10206	\N	28	$99.21
4	10206	\N	21	$45.78
10	10206	\N	33	$95.44
2	10206	\N	36	$54.94
1	10206	\N	33	$89.01
15	10207	\N	31	$125.58
7	10207	\N	34	$95.99
6	10207	\N	44	$140.81
10	10207	\N	43	$109.23
13	10207	\N	37	$60.77
11	10207	\N	25	$140.55
1	10207	\N	40	$143.62
16	10207	\N	47	$119.87
4	10207	\N	49	$57.80
12	10207	\N	46	$127.79
8	10207	\N	42	$30.76
3	10207	\N	28	$108.82
14	10207	\N	49	$84.75
9	10207	\N	27	$51.95
2	10207	\N	45	$55.30
5	10207	\N	28	$106.49
13	10208	\N	46	$176.63
14	10208	\N	26	$128.42
12	10208	\N	20	$152.26
9	10208	\N	24	$117.47
11	10208	\N	48	$96.81
8	10208	\N	45	$72.85
7	10208	\N	35	$122.89
2	10208	\N	20	$80.54
15	10208	\N	30	$57.99
3	10208	\N	38	$56.67
10	10208	\N	40	$73.62
1	10208	\N	46	$63.61
4	10208	\N	37	$95.16
5	10208	\N	33	$95.34
6	10208	\N	42	$48.05
8	10209	\N	39	$129.20
6	10209	\N	28	$82.58
5	10209	\N	20	$97.40
1	10209	\N	43	$66.45
2	10209	\N	36	$56.55
7	10209	\N	22	$79.67
4	10209	\N	33	$90.52
3	10209	\N	48	$44.20
2	10210	\N	23	$112.99
1	10210	\N	34	$189.79
17	10210	\N	31	$141.92
7	10210	\N	50	$68.43
3	10210	\N	40	$51.48
9	10210	\N	27	$100.67
4	10210	\N	30	$63.22
16	10210	\N	29	$56.64
8	10210	\N	40	$68.10
5	10210	\N	46	$84.91
10	10210	\N	39	$57.10
11	10210	\N	43	$43.20
12	10210	\N	21	$87.69
14	10210	\N	26	$93.74
6	10210	\N	25	$98.48
13	10210	\N	31	$64.00
15	10210	\N	42	$60.70
14	10211	\N	41	$90.92
2	10211	\N	41	$171.22
13	10211	\N	36	$126.52
3	10211	\N	28	$79.80
5	10211	\N	35	$73.17
4	10211	\N	28	$138.17
8	10211	\N	46	$60.30
7	10211	\N	41	$148.80
15	10211	\N	25	$109.32
11	10211	\N	21	$62.33
1	10211	\N	48	$52.66
6	10211	\N	22	$80.84
9	10211	\N	41	$39.83
12	10211	\N	37	$94.91
10	10211	\N	40	$70.78
16	10212	\N	39	$99.82
15	10212	\N	33	$110.55
10	10212	\N	29	$117.48
6	10212	\N	38	$105.77
14	10212	\N	20	$64.68
9	10212	\N	41	$133.72
7	10212	\N	40	$117.48
11	10212	\N	40	$155.79
8	10212	\N	45	$115.85
3	10212	\N	41	$61.73
5	10212	\N	45	$43.27
1	10212	\N	45	$81.78
12	10212	\N	34	$37.38
2	10212	\N	27	$77.91
4	10212	\N	46	$100.66
13	10212	\N	49	$117.96
1	10213	\N	38	$84.67
2	10213	\N	25	$58.44
3	10213	\N	27	$97.48
7	10214	\N	30	$166.60
6	10214	\N	21	$53.28
4	10214	\N	27	$125.86
1	10214	\N	50	$167.06
3	10214	\N	20	$32.19
2	10214	\N	49	$39.87
5	10214	\N	44	$38.57
3	10215	\N	35	$205.73
2	10215	\N	46	$100.34
10	10215	\N	27	$92.47
9	10215	\N	33	$53.91
4	10215	\N	49	$97.26
6	10215	\N	31	$56.21
5	10215	\N	49	$89.01
8	10215	\N	41	$84.33
1	10215	\N	46	$42.76
7	10215	\N	39	$94.47
1	10216	\N	43	$133.94
4	10217	\N	48	$132.97
2	10217	\N	35	$58.34
5	10217	\N	38	$118.66
1	10217	\N	28	$103.51
3	10217	\N	21	$78.97
7	10217	\N	39	$56.24
6	10217	\N	31	$90.02
1	10218	\N	22	$110.46
2	10218	\N	34	$152.41
2	10219	\N	48	$94.80
1	10219	\N	43	$132.62
3	10219	\N	21	$31.12
4	10219	\N	35	$47.62
2	10220	\N	32	$189.10
3	10220	\N	30	$151.08
1	10220	\N	27	$166.10
5	10220	\N	50	$126.39
8	10220	\N	26	$48.55
7	10220	\N	37	$101.72
6	10220	\N	20	$49.71
9	10220	\N	37	$92.60
4	10220	\N	30	$56.82
3	10221	\N	33	$133.86
5	10221	\N	23	$89.75
2	10221	\N	39	$84.26
1	10221	\N	49	$113.06
4	10221	\N	23	$69.29
12	10222	\N	49	$133.28
4	10222	\N	49	$137.19
10	10222	\N	49	$79.14
9	10222	\N	45	$88.93
5	10222	\N	32	$56.86
14	10222	\N	47	$74.35
6	10222	\N	43	$61.15
11	10222	\N	46	$77.99
3	10222	\N	48	$55.27
15	10222	\N	31	$58.67
8	10222	\N	26	$80.56
1	10222	\N	37	$90.75
13	10222	\N	36	$69.39
16	10222	\N	38	$84.14
17	10222	\N	31	$81.43
2	10222	\N	43	$66.63
7	10222	\N	31	$45.19
18	10222	\N	36	$48.59
1	10223	\N	37	$80.39
4	10223	\N	47	$110.61
3	10223	\N	49	$189.79
9	10223	\N	47	$67.58
5	10223	\N	28	$58.75
2	10223	\N	32	$104.81
11	10223	\N	34	$87.54
6	10223	\N	38	$60.94
10	10223	\N	23	$68.10
7	10223	\N	21	$90.90
12	10223	\N	20	$66.73
13	10223	\N	41	$41.02
14	10223	\N	25	$84.03
8	10223	\N	29	$113.90
15	10223	\N	26	$79.20
6	10224	\N	43	$141.58
1	10224	\N	38	$57.20
4	10224	\N	37	$60.26
2	10224	\N	43	$37.01
5	10224	\N	30	$94.91
3	10224	\N	50	$81.36
9	10225	\N	27	$157.60
7	10225	\N	25	$101.00
10	10225	\N	37	$64.64
6	10225	\N	21	$100.19
1	10225	\N	32	$116.06
5	10225	\N	47	$71.61
2	10225	\N	43	$162.57
12	10225	\N	37	$69.96
11	10225	\N	27	$119.06
14	10225	\N	35	$135.41
3	10225	\N	42	$34.74
8	10225	\N	24	$51.43
4	10225	\N	40	$130.60
13	10225	\N	46	$77.61
4	10226	\N	38	$108.26
7	10226	\N	24	$129.45
5	10226	\N	24	$125.40
6	10226	\N	46	$122.91
1	10226	\N	21	$65.41
3	10226	\N	36	$47.79
2	10226	\N	48	$95.30
3	10227	\N	25	$85.27
2	10227	\N	31	$50.14
10	10227	\N	26	$136.00
9	10227	\N	28	$59.93
7	10227	\N	46	$118.23
4	10227	\N	29	$146.81
1	10227	\N	33	$99.21
11	10227	\N	34	$87.43
12	10227	\N	37	$70.56
6	10227	\N	42	$27.22
5	10227	\N	24	$39.42
14	10227	\N	47	$84.51
13	10227	\N	33	$102.17
15	10227	\N	40	$78.76
8	10227	\N	27	$34.88
2	10228	\N	29	$214.30
1	10228	\N	32	$100.34
3	10228	\N	24	$101.31
5	10228	\N	45	$57.46
4	10228	\N	31	$100.53
6	10228	\N	33	$84.73
9	10229	\N	50	$138.88
13	10229	\N	25	$110.70
1	10229	\N	36	$95.99
4	10229	\N	26	$104.32
7	10229	\N	28	$53.48
5	10229	\N	22	$157.49
10	10229	\N	41	$119.87
14	10229	\N	39	$43.77
6	10229	\N	48	$115.01
2	10229	\N	33	$34.65
8	10229	\N	25	$78.97
3	10229	\N	23	$49.78
12	10229	\N	30	$52.36
11	10229	\N	50	$91.04
1	10230	\N	43	$128.42
8	10230	\N	49	$153.91
3	10230	\N	42	$142.18
6	10230	\N	36	$47.40
5	10230	\N	45	$99.36
4	10230	\N	46	$59.03
7	10230	\N	34	$100.70
2	10230	\N	43	$57.41
2	10231	\N	42	$193.25
1	10231	\N	49	$147.07
6	10232	\N	22	$133.86
8	10232	\N	48	$97.81
5	10232	\N	23	$78.12
4	10232	\N	46	$113.06
7	10232	\N	26	$84.88
1	10232	\N	48	$86.15
2	10232	\N	35	$81.43
3	10232	\N	24	$48.59
2	10233	\N	40	$70.81
3	10233	\N	36	$66.00
1	10233	\N	29	$67.94
9	10234	\N	48	$118.32
1	10234	\N	50	$146.65
7	10234	\N	48	$84.30
6	10234	\N	39	$85.75
2	10234	\N	44	$67.14
3	10234	\N	25	$65.09
8	10234	\N	31	$78.83
5	10234	\N	29	$83.28
4	10234	\N	40	$45.69
3	10235	\N	24	$81.95
5	10235	\N	23	$89.72
12	10235	\N	33	$55.27
4	10235	\N	40	$63.03
1	10235	\N	41	$90.90
6	10235	\N	34	$66.73
7	10235	\N	41	$37.09
8	10235	\N	25	$88.60
10	10235	\N	38	$92.74
2	10235	\N	25	$116.28
9	10235	\N	32	$73.60
11	10235	\N	34	$70.33
1	10236	\N	22	$105.86
2	10236	\N	23	$52.70
3	10236	\N	36	$65.51
7	10237	\N	23	$91.87
9	10237	\N	39	$158.80
6	10237	\N	32	$129.53
1	10237	\N	26	$49.74
8	10237	\N	20	$109.32
4	10237	\N	26	$62.33
2	10237	\N	26	$35.00
5	10237	\N	27	$94.91
3	10237	\N	20	$78.92
3	10238	\N	28	$161.49
1	10238	\N	29	$104.52
4	10238	\N	20	$73.42
6	10238	\N	41	$68.35
5	10238	\N	49	$144.05
8	10238	\N	44	$120.53
2	10238	\N	47	$53.88
7	10238	\N	22	$67.91
5	10239	\N	21	$100.19
4	10239	\N	46	$70.07
1	10239	\N	47	$135.47
2	10239	\N	20	$32.47
3	10239	\N	29	$133.41
3	10240	\N	41	$125.97
2	10240	\N	37	$136.56
1	10240	\N	37	$134.22
11	10241	\N	21	$119.46
2	10241	\N	41	$153.00
1	10241	\N	33	$55.70
12	10241	\N	44	$126.72
3	10241	\N	42	$77.31
4	10241	\N	30	$62.72
8	10241	\N	22	$72.02
10	10241	\N	21	$47.29
6	10241	\N	47	$89.05
5	10241	\N	28	$117.44
7	10241	\N	26	$69.34
9	10241	\N	27	$107.08
1	10242	\N	46	$36.52
2	10243	\N	47	$111.87
1	10243	\N	33	$30.87
7	10244	\N	40	$99.66
6	10244	\N	20	$48.52
8	10244	\N	43	$141.75
1	10244	\N	30	$87.13
3	10244	\N	24	$54.96
2	10244	\N	29	$85.87
5	10244	\N	36	$87.30
9	10244	\N	39	$42.11
4	10244	\N	40	$97.39
9	10245	\N	34	$195.01
2	10245	\N	28	$147.74
6	10245	\N	38	$120.27
8	10245	\N	29	$114.34
3	10245	\N	21	$111.39
7	10245	\N	45	$48.80
1	10245	\N	37	$81.86
5	10245	\N	44	$54.94
4	10245	\N	44	$81.93
5	10246	\N	46	$99.54
4	10246	\N	40	$144.08
8	10246	\N	22	$100.64
11	10246	\N	30	$57.73
9	10246	\N	36	$145.63
2	10246	\N	44	$46.24
10	10246	\N	29	$118.84
6	10246	\N	49	$34.65
1	10246	\N	46	$100.54
7	10246	\N	35	$45.45
3	10246	\N	22	$113.44
2	10247	\N	44	$195.33
3	10247	\N	25	$140.50
1	10247	\N	27	$167.83
5	10247	\N	48	$143.62
6	10247	\N	40	$58.41
4	10247	\N	49	$51.55
3	10248	\N	20	$126.48
1	10248	\N	21	$80.86
12	10248	\N	32	$133.86
14	10248	\N	42	$95.80
11	10248	\N	42	$87.77
10	10248	\N	48	$122.89
5	10248	\N	30	$85.85
2	10248	\N	23	$83.02
6	10248	\N	36	$66.00
13	10248	\N	40	$81.41
4	10248	\N	32	$69.39
7	10248	\N	30	$84.14
8	10248	\N	35	$92.36
9	10248	\N	23	$53.51
5	10249	\N	46	$88.93
1	10249	\N	20	$54.81
2	10249	\N	25	$65.75
4	10249	\N	40	$85.99
3	10249	\N	32	$49.16
14	10250	\N	45	$148.23
4	10250	\N	27	$84.48
6	10250	\N	31	$95.20
1	10250	\N	32	$63.22
13	10250	\N	40	$61.42
5	10250	\N	37	$72.45
2	10250	\N	31	$99.89
7	10250	\N	50	$62.60
8	10250	\N	36	$36.66
9	10250	\N	31	$91.34
11	10250	\N	35	$90.75
3	10250	\N	44	$98.48
10	10250	\N	44	$76.00
12	10250	\N	38	$65.89
2	10251	\N	59	$93.79
5	10251	\N	44	$115.37
4	10251	\N	43	$172.36
1	10251	\N	46	$129.53
6	10251	\N	44	$58.15
3	10251	\N	50	$91.29
2	10252	\N	20	$74.78
1	10252	\N	41	$145.52
5	10252	\N	31	$50.36
4	10252	\N	26	$127.97
8	10252	\N	47	$63.03
3	10252	\N	38	$69.52
6	10252	\N	36	$36.21
9	10252	\N	25	$93.89
7	10252	\N	48	$72.41
13	10253	\N	24	$157.60
11	10253	\N	22	$102.17
14	10253	\N	25	$67.03
10	10253	\N	41	$109.40
5	10253	\N	26	$130.22
1	10253	\N	24	$103.29
9	10253	\N	23	$67.76
4	10253	\N	33	$130.87
2	10253	\N	37	$114.84
6	10253	\N	40	$145.63
3	10253	\N	31	$139.87
7	10253	\N	40	$34.74
12	10253	\N	24	$50.82
8	10253	\N	39	$115.15
5	10254	\N	49	$137.70
4	10254	\N	36	$55.09
2	10254	\N	41	$102.98
6	10254	\N	34	$80.99
7	10254	\N	30	$59.87
11	10254	\N	34	$66.88
13	10254	\N	32	$43.27
1	10254	\N	38	$28.88
9	10254	\N	31	$85.42
8	10254	\N	33	$111.57
10	10254	\N	42	$69.34
12	10254	\N	49	$101.73
3	10254	\N	20	$39.80
1	10255	\N	24	$135.00
2	10255	\N	37	$37.63
2	10256	\N	34	$93.49
1	10256	\N	29	$52.83
1	10257	\N	50	$92.19
3	10257	\N	49	$59.34
2	10257	\N	37	$83.78
5	10257	\N	26	$91.27
4	10257	\N	46	$81.81
6	10258	\N	32	$177.87
3	10258	\N	41	$133.94
5	10258	\N	41	$113.17
4	10258	\N	21	$49.81
2	10258	\N	20	$62.70
1	10258	\N	45	$86.99
12	10259	\N	26	$121.15
4	10259	\N	46	$117.32
3	10259	\N	30	$134.26
7	10259	\N	34	$120.28
10	10259	\N	30	$59.55
8	10259	\N	27	$152.41
13	10259	\N	41	$107.76
1	10259	\N	28	$46.82
9	10259	\N	47	$121.40
5	10259	\N	31	$31.47
11	10259	\N	45	$95.35
6	10259	\N	40	$45.99
2	10259	\N	29	$105.33
5	10260	\N	46	$180.79
6	10260	\N	30	$140.50
4	10260	\N	44	$169.56
1	10260	\N	32	$121.57
3	10260	\N	29	$92.77
8	10260	\N	23	$137.88
10	10260	\N	23	$117.10
9	10260	\N	27	$55.30
7	10260	\N	21	$56.24
2	10260	\N	33	$80.55
1	10261	\N	27	$116.96
9	10261	\N	20	$80.75
8	10261	\N	36	$105.69
3	10261	\N	22	$79.66
4	10261	\N	34	$64.00
2	10261	\N	44	$58.55
5	10261	\N	25	$89.15
6	10261	\N	50	$88.39
7	10261	\N	29	$43.68
9	10262	\N	49	$157.69
15	10262	\N	32	$81.72
14	10262	\N	34	$85.75
1	10262	\N	34	$98.48
10	10262	\N	24	$63.71
11	10262	\N	46	$65.75
16	10262	\N	49	$82.18
8	10262	\N	48	$58.69
2	10262	\N	40	$63.97
3	10262	\N	49	$35.78
4	10262	\N	40	$87.69
13	10262	\N	44	$83.28
6	10262	\N	33	$81.77
5	10262	\N	27	$64.80
7	10262	\N	35	$64.41
12	10262	\N	21	$41.71
2	10263	\N	34	$89.00
5	10263	\N	40	$107.05
4	10263	\N	41	$193.66
1	10263	\N	48	$123.51
10	10263	\N	33	$67.58
6	10263	\N	34	$50.27
3	10263	\N	42	$109.32
7	10263	\N	37	$67.03
11	10263	\N	24	$59.41
8	10263	\N	31	$93.90
9	10263	\N	47	$117.46
3	10264	\N	48	$58.44
2	10264	\N	20	$124.99
6	10264	\N	37	$61.64
1	10264	\N	47	$75.18
4	10264	\N	20	$39.02
7	10264	\N	34	$100.01
5	10264	\N	47	$67.53
2	10265	\N	45	$74.78
1	10265	\N	49	$123.47
14	10266	\N	44	$188.73
12	10266	\N	22	$110.39
15	10266	\N	35	$67.83
11	10266	\N	40	$112.86
6	10266	\N	21	$131.63
2	10266	\N	36	$99.55
10	10266	\N	33	$77.00
5	10266	\N	49	$139.41
3	10266	\N	20	$113.52
7	10266	\N	29	$137.17
4	10266	\N	33	$127.15
1	10266	\N	28	$40.25
8	10266	\N	34	$35.12
13	10266	\N	47	$56.33
9	10266	\N	24	$119.37
1	10267	\N	36	$71.27
5	10267	\N	40	$72.02
3	10267	\N	38	$76.33
2	10267	\N	43	$93.95
4	10267	\N	44	$83.90
6	10267	\N	43	$98.51
3	10268	\N	49	$93.49
2	10268	\N	26	$45.82
10	10268	\N	34	$164.90
9	10268	\N	31	$60.54
7	10268	\N	50	$124.59
4	10268	\N	35	$148.50
1	10268	\N	39	$96.23
11	10268	\N	35	$84.67
6	10268	\N	33	$31.86
5	10268	\N	40	$36.29
8	10268	\N	30	$37.75
1	10269	\N	32	$57.46
2	10269	\N	48	$95.44
9	10270	\N	21	$171.44
2	10270	\N	32	$124.10
6	10270	\N	28	$135.30
8	10270	\N	43	$94.50
10	10270	\N	31	$81.05
11	10270	\N	38	$85.87
3	10270	\N	38	$107.76
7	10270	\N	44	$40.25
1	10270	\N	32	$93.42
5	10270	\N	21	$52.36
4	10270	\N	46	$101.15
5	10271	\N	31	$99.54
4	10271	\N	50	$147.36
8	10271	\N	50	$121.50
11	10271	\N	25	$59.55
9	10271	\N	20	$169.34
2	10271	\N	45	$49.71
10	10271	\N	43	$122.68
6	10271	\N	38	$28.64
1	10271	\N	22	$110.00
7	10271	\N	35	$51.95
3	10271	\N	34	$93.76
2	10272	\N	35	$187.02
3	10272	\N	27	$123.89
1	10272	\N	39	$148.80
5	10272	\N	25	$126.39
6	10272	\N	45	$56.55
4	10272	\N	43	$53.89
4	10273	\N	30	$136.00
2	10273	\N	34	$84.30
13	10273	\N	40	$117.47
15	10273	\N	47	$87.73
1	10273	\N	50	$105.87
12	10273	\N	33	$72.85
11	10273	\N	22	$103.23
6	10273	\N	27	$84.08
3	10273	\N	48	$83.86
7	10273	\N	21	$66.00
14	10273	\N	21	$77.95
5	10273	\N	42	$57.82
8	10273	\N	40	$91.15
9	10273	\N	26	$89.38
10	10273	\N	37	$51.32
1	10274	\N	41	$129.31
2	10274	\N	40	$56.86
3	10274	\N	24	$65.09
5	10274	\N	24	$75.13
4	10274	\N	32	$49.66
1	10275	\N	45	$81.35
4	10275	\N	22	$115.37
3	10275	\N	36	$154.93
9	10275	\N	35	$70.12
5	10275	\N	37	$52.09
2	10275	\N	21	$105.94
11	10275	\N	25	$97.38
6	10275	\N	30	$61.70
18	10275	\N	41	$58.00
10	10275	\N	27	$67.38
7	10275	\N	23	$89.90
12	10275	\N	28	$58.47
13	10275	\N	38	$40.15
14	10275	\N	32	$85.86
16	10275	\N	39	$82.77
8	10275	\N	48	$102.04
15	10275	\N	43	$72.00
17	10275	\N	31	$59.96
3	10276	\N	50	$184.84
14	10276	\N	43	$150.62
1	10276	\N	47	$104.52
4	10276	\N	38	$67.83
6	10276	\N	38	$78.00
5	10276	\N	30	$139.64
9	10276	\N	33	$54.71
8	10276	\N	48	$120.53
12	10276	\N	46	$61.64
2	10276	\N	20	$58.17
7	10276	\N	48	$67.10
10	10276	\N	27	$35.40
13	10276	\N	38	$94.91
11	10276	\N	21	$67.53
1	10277	\N	28	$93.28
6	10278	\N	34	$114.65
2	10278	\N	23	$107.02
10	10278	\N	29	$73.15
5	10278	\N	29	$118.07
3	10278	\N	39	$117.48
7	10278	\N	42	$167.65
4	10278	\N	31	$114.44
1	10278	\N	35	$48.80
8	10278	\N	31	$37.38
9	10278	\N	25	$136.22
1	10279	\N	26	$68.42
5	10279	\N	32	$68.35
3	10279	\N	49	$76.33
2	10279	\N	48	$106.87
4	10279	\N	33	$78.76
6	10279	\N	48	$95.30
2	10280	\N	34	$205.73
1	10280	\N	24	$98.00
9	10280	\N	50	$87.33
8	10280	\N	27	$47.44
16	10280	\N	26	$161.50
15	10280	\N	25	$53.28
13	10280	\N	37	$109.33
10	10280	\N	22	$158.63
3	10280	\N	46	$82.06
5	10280	\N	43	$54.34
4	10280	\N	29	$102.63
7	10280	\N	34	$99.21
17	10280	\N	35	$77.31
12	10280	\N	20	$29.87
11	10280	\N	45	$36.29
14	10280	\N	33	$35.29
6	10280	\N	21	$79.86
9	10281	\N	44	$132.97
13	10281	\N	25	$127.10
1	10281	\N	41	$98.36
4	10281	\N	48	$114.14
7	10281	\N	29	$56.52
5	10281	\N	25	$135.47
10	10281	\N	25	$96.86
14	10281	\N	44	$42.76
6	10281	\N	25	$112.46
2	10281	\N	20	$33.95
8	10281	\N	29	$80.90
3	10281	\N	31	$44.91
12	10281	\N	36	$59.47
11	10281	\N	27	$89.01
5	10282	\N	41	$176.63
6	10282	\N	27	$142.02
4	10282	\N	24	$169.56
13	10282	\N	23	$147.36
1	10282	\N	43	$122.93
3	10282	\N	36	$88.74
8	10282	\N	31	$132.13
11	10282	\N	29	$49.71
10	10282	\N	39	$96.99
9	10282	\N	36	$51.58
12	10282	\N	38	$114.59
7	10282	\N	37	$56.24
2	10282	\N	43	$77.95
6	10283	\N	25	$130.56
4	10283	\N	21	$78.28
3	10283	\N	46	$100.58
14	10283	\N	34	$71.97
13	10283	\N	42	$99.54
8	10283	\N	34	$80.54
5	10283	\N	33	$77.15
9	10283	\N	45	$62.00
2	10283	\N	20	$74.23
7	10283	\N	47	$68.67
10	10283	\N	22	$88.15
11	10283	\N	38	$85.41
1	10283	\N	43	$41.22
12	10283	\N	33	$49.14
11	10284	\N	45	$137.19
1	10284	\N	31	$68.43
3	10284	\N	22	$101.76
12	10284	\N	30	$65.08
13	10284	\N	39	$59.83
10	10284	\N	21	$65.51
2	10284	\N	21	$66.65
4	10284	\N	50	$60.54
5	10284	\N	33	$35.78
6	10284	\N	24	$87.69
8	10284	\N	45	$95.73
7	10284	\N	25	$68.00
9	10284	\N	32	$73.29
6	10285	\N	36	$95.70
9	10285	\N	47	$110.61
8	10285	\N	27	$166.55
5	10285	\N	49	$131.04
10	10285	\N	20	$50.88
7	10285	\N	34	$91.29
11	10285	\N	39	$61.70
3	10285	\N	38	$64.41
12	10285	\N	37	$82.91
1	10285	\N	37	$36.61
4	10285	\N	26	$100.01
2	10285	\N	39	$76.48
13	10285	\N	45	$102.04
1	10286	\N	38	$51.60
12	10287	\N	21	$190.68
10	10287	\N	45	$117.44
13	10287	\N	41	$74.21
9	10287	\N	23	$107.10
4	10287	\N	41	$113.23
8	10287	\N	44	$61.60
3	10287	\N	24	$123.76
1	10287	\N	44	$114.84
5	10287	\N	36	$137.17
15	10287	\N	43	$68.35
14	10287	\N	40	$127.88
2	10287	\N	27	$139.87
17	10287	\N	34	$119.04
6	10287	\N	36	$31.34
11	10287	\N	20	$58.17
7	10287	\N	36	$137.62
16	10287	\N	40	$79.22
14	10288	\N	20	$120.71
5	10288	\N	32	$168.30
4	10288	\N	28	$50.25
2	10288	\N	31	$102.98
6	10288	\N	35	$90.19
7	10288	\N	23	$57.02
11	10288	\N	36	$66.88
13	10288	\N	50	$49.30
1	10288	\N	29	$32.19
9	10288	\N	35	$81.78
8	10288	\N	48	$109.22
10	10288	\N	34	$76.19
12	10288	\N	41	$101.73
3	10288	\N	33	$37.75
2	10289	\N	38	$92.47
1	10289	\N	24	$44.75
3	10289	\N	43	$141.75
4	10289	\N	45	$41.22
2	10290	\N	26	$80.36
1	10290	\N	45	$83.76
11	10291	\N	37	$210.01
4	10291	\N	30	$141.83
8	10291	\N	41	$123.00
10	10291	\N	41	$96.84
2	10291	\N	26	$52.26
12	10291	\N	47	$99.28
14	10291	\N	37	$56.21
13	10291	\N	23	$93.20
5	10291	\N	48	$96.86
9	10291	\N	29	$45.28
1	10291	\N	48	$109.90
3	10291	\N	26	$82.83
7	10291	\N	32	$53.00
6	10291	\N	28	$86.99
8	10292	\N	21	$94.80
7	10292	\N	26	$140.81
11	10292	\N	41	$103.09
12	10292	\N	21	$147.33
2	10292	\N	44	$114.90
5	10292	\N	40	$48.55
9	10292	\N	39	$34.30
4	10292	\N	27	$113.55
10	10292	\N	50	$54.11
3	10292	\N	31	$59.65
6	10292	\N	41	$113.44
1	10292	\N	35	$49.79
8	10293	\N	46	$187.02
9	10293	\N	24	$129.93
7	10293	\N	45	$171.29
4	10293	\N	24	$110.64
6	10293	\N	22	$91.76
3	10293	\N	49	$72.85
2	10293	\N	21	$111.83
5	10293	\N	29	$77.95
1	10293	\N	32	$51.32
1	10294	\N	45	$98.32
1	10295	\N	24	$136.00
3	10295	\N	46	$84.08
4	10295	\N	26	$62.00
2	10295	\N	44	$71.56
5	10295	\N	34	$93.16
7	10296	\N	36	$146.65
13	10296	\N	21	$69.68
12	10296	\N	22	$105.87
8	10296	\N	21	$60.97
9	10296	\N	31	$63.78
14	10296	\N	22	$83.02
6	10296	\N	32	$63.46
1	10296	\N	26	$41.02
2	10296	\N	42	$75.81
11	10296	\N	34	$89.61
4	10296	\N	24	$96.73
3	10296	\N	22	$74.40
5	10296	\N	47	$61.44
10	10296	\N	21	$46.68
4	10297	\N	25	$81.95
6	10297	\N	32	$107.23
1	10297	\N	32	$70.08
5	10297	\N	23	$71.73
2	10297	\N	26	$88.90
7	10297	\N	28	$63.29
3	10297	\N	35	$111.53
1	10298	\N	39	$105.86
2	10298	\N	32	$60.57
9	10299	\N	23	$76.56
11	10299	\N	29	$164.61
8	10299	\N	24	$123.51
3	10299	\N	39	$62.17
2	10299	\N	49	$119.04
10	10299	\N	47	$107.07
6	10299	\N	33	$58.87
1	10299	\N	32	$66.29
4	10299	\N	24	$36.21
7	10299	\N	38	$84.70
5	10299	\N	44	$77.29
5	10300	\N	33	$184.84
3	10300	\N	29	$116.27
6	10300	\N	22	$76.61
2	10300	\N	23	$95.58
1	10300	\N	41	$63.14
8	10300	\N	49	$65.94
7	10300	\N	23	$144.05
4	10300	\N	31	$52.05
8	10301	\N	37	$114.65
4	10301	\N	32	$118.22
7	10301	\N	47	$119.49
5	10301	\N	22	$113.52
9	10301	\N	23	$135.47
6	10301	\N	39	$137.04
1	10301	\N	27	$64.67
3	10301	\N	22	$40.75
10	10301	\N	48	$32.10
2	10301	\N	22	$86.73
11	10301	\N	50	$122.17
1	10302	\N	43	$166.60
2	10302	\N	38	$82.83
3	10302	\N	23	$70.56
5	10302	\N	49	$75.42
4	10302	\N	45	$104.52
6	10302	\N	48	$74.48
2	10303	\N	46	$56.91
1	10303	\N	24	$35.70
6	10304	\N	47	$201.44
3	10304	\N	39	$117.54
5	10304	\N	46	$106.17
13	10304	\N	37	$95.55
12	10304	\N	37	$46.90
17	10304	\N	24	$102.98
14	10304	\N	20	$141.75
7	10304	\N	46	$98.27
9	10304	\N	24	$54.34
8	10304	\N	26	$90.06
11	10304	\N	38	$95.24
4	10304	\N	34	$44.27
16	10304	\N	23	$29.21
15	10304	\N	44	$42.11
10	10304	\N	33	$80.83
2	10304	\N	36	$52.36
1	10304	\N	40	$80.92
13	10305	\N	38	$130.01
5	10305	\N	38	$107.84
4	10305	\N	27	$132.62
8	10305	\N	36	$117.82
11	10305	\N	41	$58.95
9	10305	\N	37	$160.87
14	10305	\N	22	$112.60
2	10305	\N	45	$48.55
10	10305	\N	24	$107.34
6	10305	\N	48	$30.76
1	10305	\N	36	$118.28
12	10305	\N	28	$94.38
7	10305	\N	40	$48.70
3	10305	\N	42	$109.96
13	10306	\N	31	$182.86
14	10306	\N	34	$145.04
12	10306	\N	20	$145.34
9	10306	\N	32	$114.74
11	10306	\N	40	$83.70
16	10306	\N	23	$126.39
8	10306	\N	39	$85.14
7	10306	\N	29	$109.37
2	10306	\N	31	$76.12
17	10306	\N	46	$60.28
15	10306	\N	34	$51.55
3	10306	\N	50	$61.34
10	10306	\N	38	$73.62
1	10306	\N	43	$62.16
4	10306	\N	32	$99.17
5	10306	\N	30	$87.39
6	10306	\N	35	$48.05
9	10307	\N	22	$118.32
1	10307	\N	39	$135.61
7	10307	\N	31	$71.40
6	10307	\N	48	$92.11
2	10307	\N	25	$58.23
3	10307	\N	22	$64.44
8	10307	\N	22	$75.47
5	10307	\N	34	$81.47
4	10307	\N	34	$44.20
2	10308	\N	34	$115.37
1	10308	\N	20	$187.85
7	10308	\N	27	$81.95
3	10308	\N	34	$48.46
9	10308	\N	31	$99.57
4	10308	\N	47	$68.55
16	10308	\N	43	$58.00
8	10308	\N	44	$71.73
5	10308	\N	24	$99.89
10	10308	\N	46	$61.22
11	10308	\N	47	$37.09
12	10308	\N	21	$73.07
14	10308	\N	35	$88.75
6	10308	\N	31	$100.85
13	10308	\N	21	$79.20
15	10308	\N	39	$62.93
5	10309	\N	41	$94.74
4	10309	\N	26	$144.60
6	10309	\N	21	$96.92
2	10309	\N	24	$59.56
3	10309	\N	50	$93.89
1	10309	\N	28	$74.04
10	10310	\N	33	$165.38
8	10310	\N	24	$105.70
11	10310	\N	49	$77.41
7	10310	\N	25	$101.34
2	10310	\N	37	$128.80
6	10310	\N	20	$66.99
1	10310	\N	24	$129.45
3	10310	\N	48	$159.18
13	10310	\N	27	$70.76
12	10310	\N	49	$122.00
16	10310	\N	42	$59.06
15	10310	\N	40	$133.92
4	10310	\N	33	$33.23
9	10310	\N	38	$50.21
5	10310	\N	45	$139.03
14	10310	\N	49	$75.18
17	10310	\N	36	$38.62
9	10311	\N	29	$124.44
10	10311	\N	43	$114.84
11	10311	\N	32	$134.22
1	10311	\N	41	$92.03
2	10311	\N	25	$66.99
6	10311	\N	26	$70.55
8	10311	\N	45	$48.80
4	10311	\N	28	$89.05
3	10311	\N	43	$116.27
5	10311	\N	25	$85.61
7	10311	\N	46	$91.02
3	10312	\N	48	$214.30
2	10312	\N	32	$101.50
10	10312	\N	43	$102.74
9	10312	\N	25	$43.67
17	10312	\N	48	$146.20
16	10312	\N	30	$48.43
14	10312	\N	31	$111.87
11	10312	\N	25	$150.19
4	10312	\N	37	$91.18
6	10312	\N	35	$54.34
5	10312	\N	38	$93.20
8	10312	\N	33	$84.33
1	10312	\N	39	$44.27
13	10312	\N	39	$27.88
12	10312	\N	23	$43.46
15	10312	\N	31	$40.21
7	10312	\N	44	$96.42
7	10313	\N	40	$141.83
11	10313	\N	21	$131.20
2	10313	\N	29	$109.23
5	10313	\N	34	$52.87
3	10313	\N	25	$143.94
8	10313	\N	28	$110.18
4	10313	\N	42	$102.23
6	10313	\N	27	$96.31
1	10313	\N	38	$48.70
10	10313	\N	34	$55.59
9	10313	\N	30	$96.09
5	10314	\N	38	$176.63
6	10314	\N	46	$125.40
4	10314	\N	36	$169.56
14	10314	\N	45	$95.99
13	10314	\N	42	$135.90
1	10314	\N	20	$129.76
3	10314	\N	23	$84.71
8	10314	\N	29	$129.26
11	10314	\N	44	$51.44
15	10314	\N	39	$31.82
10	10314	\N	38	$111.18
9	10314	\N	35	$58.41
12	10314	\N	28	$115.75
7	10314	\N	38	$50.38
2	10314	\N	23	$83.15
7	10315	\N	36	$78.12
6	10315	\N	35	$111.83
1	10315	\N	24	$78.77
2	10315	\N	41	$60.67
3	10315	\N	31	$99.17
4	10315	\N	37	$88.39
5	10315	\N	40	$51.32
17	10316	\N	33	$126.48
9	10316	\N	27	$140.34
15	10316	\N	21	$72.26
14	10316	\N	47	$89.99
1	10316	\N	25	$93.01
10	10316	\N	34	$67.14
11	10316	\N	47	$55.23
16	10316	\N	25	$77.15
8	10316	\N	30	$67.56
2	10316	\N	24	$59.16
3	10316	\N	34	$36.66
4	10316	\N	34	$74.90
13	10316	\N	45	$73.32
6	10316	\N	23	$85.76
18	10316	\N	48	$67.22
5	10316	\N	48	$77.60
7	10316	\N	44	$68.11
12	10316	\N	34	$43.70
1	10317	\N	35	$69.55
1	10318	\N	46	$84.22
4	10318	\N	45	$102.29
3	10318	\N	37	$189.79
9	10318	\N	31	$81.95
5	10318	\N	42	$49.67
2	10318	\N	48	$93.54
6	10318	\N	26	$60.94
7	10318	\N	47	$81.91
8	10318	\N	50	$102.04
9	10319	\N	30	$134.05
1	10319	\N	46	$77.19
4	10319	\N	44	$54.71
3	10319	\N	45	$120.53
7	10319	\N	31	$65.80
2	10319	\N	43	$78.41
5	10319	\N	29	$35.00
8	10319	\N	22	$96.95
6	10319	\N	45	$79.73
3	10320	\N	31	$184.84
1	10320	\N	35	$102.17
4	10320	\N	38	$63.84
5	10320	\N	25	$139.64
2	10320	\N	26	$60.62
15	10321	\N	24	$105.95
10	10321	\N	41	$123.14
6	10321	\N	44	$120.71
14	10321	\N	37	$73.92
9	10321	\N	25	$142.25
7	10321	\N	27	$126.72
11	10321	\N	33	$164.26
8	10321	\N	28	$138.45
3	10321	\N	30	$68.35
5	10321	\N	48	$42.76
1	10321	\N	30	$74.51
12	10321	\N	37	$31.72
2	10321	\N	39	$81.33
4	10321	\N	21	$103.87
13	10321	\N	26	$137.62
1	10322	\N	40	$180.01
8	10322	\N	46	$141.83
9	10322	\N	27	$136.67
10	10322	\N	22	$101.50
14	10322	\N	43	$92.47
5	10322	\N	41	$44.21
6	10322	\N	50	$120.77
11	10322	\N	35	$57.12
2	10322	\N	36	$158.63
12	10322	\N	33	$100.30
13	10322	\N	41	$54.34
7	10322	\N	48	$90.06
3	10322	\N	20	$26.55
4	10322	\N	30	$40.77
2	10323	\N	33	$88.30
1	10323	\N	47	$96.86
1	10324	\N	27	$148.06
7	10324	\N	26	$100.73
8	10324	\N	47	$142.45
10	10324	\N	33	$105.55
12	10324	\N	27	$137.17
13	10324	\N	49	$120.64
6	10324	\N	38	$49.81
14	10324	\N	25	$49.71
2	10324	\N	31	$107.34
9	10324	\N	30	$29.35
3	10324	\N	33	$95.44
11	10324	\N	20	$91.49
4	10324	\N	48	$60.76
5	10324	\N	34	$80.92
6	10325	\N	47	$111.52
8	10325	\N	42	$193.25
1	10325	\N	24	$166.10
9	10325	\N	24	$114.74
5	10325	\N	44	$114.73
3	10325	\N	38	$44.37
2	10325	\N	28	$55.30
4	10325	\N	38	$99.55
7	10325	\N	44	$56.24
6	10326	\N	32	$94.79
5	10326	\N	50	$73.73
4	10326	\N	41	$120.43
3	10326	\N	41	$86.74
2	10326	\N	20	$81.34
1	10326	\N	39	$60.67
6	10327	\N	25	$154.54
8	10327	\N	45	$74.34
5	10327	\N	25	$74.84
7	10327	\N	20	$79.68
1	10327	\N	21	$65.05
2	10327	\N	43	$85.14
3	10327	\N	37	$83.42
4	10327	\N	37	$48.05
6	10328	\N	34	$104.81
14	10328	\N	47	$87.54
1	10328	\N	48	$67.82
2	10328	\N	20	$56.55
3	10328	\N	35	$55.96
4	10328	\N	43	$69.55
5	10328	\N	24	$57.10
7	10328	\N	34	$42.33
8	10328	\N	27	$84.03
9	10328	\N	41	$75.13
10	10328	\N	37	$95.73
11	10328	\N	33	$117.46
13	10328	\N	33	$71.20
12	10328	\N	39	$69.59
1	10329	\N	42	$80.39
2	10329	\N	20	$109.42
3	10329	\N	26	$164.61
5	10329	\N	41	$182.90
6	10329	\N	24	$128.03
13	10329	\N	46	$117.44
14	10329	\N	33	$74.21
15	10329	\N	39	$102.49
9	10329	\N	29	$66.22
12	10329	\N	38	$55.72
10	10329	\N	38	$65.13
7	10329	\N	30	$104.81
4	10329	\N	37	$71.60
11	10329	\N	45	$80.91
8	10329	\N	44	$41.22
3	10330	\N	37	$136.70
2	10330	\N	29	$59.06
4	10330	\N	50	$133.92
1	10330	\N	42	$56.10
6	10331	\N	46	$120.31
14	10331	\N	44	$99.55
7	10331	\N	44	$154.70
8	10331	\N	30	$135.14
10	10331	\N	26	$130.68
11	10331	\N	27	$169.34
12	10331	\N	26	$132.80
13	10331	\N	27	$37.00
9	10331	\N	25	$55.11
1	10331	\N	21	$139.03
2	10331	\N	41	$70.33
3	10331	\N	28	$33.39
4	10331	\N	32	$100.01
5	10331	\N	20	$74.04
15	10332	\N	46	$89.38
16	10332	\N	27	$51.21
9	10332	\N	38	$53.88
8	10332	\N	35	$116.96
1	10332	\N	24	$138.38
17	10332	\N	26	$53.09
18	10332	\N	40	$100.53
2	10332	\N	50	$92.03
3	10332	\N	21	$70.56
4	10332	\N	23	$61.73
5	10332	\N	20	$47.29
6	10332	\N	45	$29.87
10	10332	\N	26	$43.01
7	10332	\N	39	$84.51
11	10332	\N	44	$108.04
12	10332	\N	45	$77.91
13	10332	\N	31	$94.23
14	10332	\N	41	$34.47
3	10333	\N	26	$188.58
6	10333	\N	33	$121.64
7	10333	\N	29	$110.84
5	10333	\N	31	$95.23
2	10333	\N	46	$95.24
8	10333	\N	24	$42.26
1	10333	\N	39	$95.44
4	10333	\N	33	$62.05
2	10334	\N	26	$130.01
6	10334	\N	46	$108.00
1	10334	\N	34	$52.87
3	10334	\N	20	$147.33
4	10334	\N	49	$101.71
5	10334	\N	42	$117.57
2	10335	\N	33	$32.88
1	10335	\N	44	$77.05
3	10335	\N	40	$49.78
10	10336	\N	33	$176.63
11	10336	\N	33	$126.91
1	10336	\N	49	$141.88
3	10336	\N	38	$95.99
6	10336	\N	49	$153.91
12	10336	\N	48	$135.22
7	10336	\N	21	$100.84
4	10336	\N	45	$49.71
5	10336	\N	31	$113.55
9	10336	\N	31	$59.03
8	10336	\N	23	$109.96
2	10336	\N	46	$94.07
8	10337	\N	25	$131.92
3	10337	\N	36	$140.75
2	10337	\N	29	$76.36
4	10337	\N	29	$119.20
6	10337	\N	21	$54.48
9	10337	\N	36	$73.62
1	10337	\N	31	$84.14
7	10337	\N	36	$83.42
5	10337	\N	42	$49.14
1	10338	\N	41	$137.19
3	10338	\N	28	$80.86
2	10338	\N	45	$93.17
4	10339	\N	40	$117.75
3	10339	\N	39	$178.17
2	10339	\N	27	$79.41
1	10339	\N	30	$48.46
10	10339	\N	27	$96.92
7	10339	\N	21	$106.14
12	10339	\N	55	$67.82
13	10339	\N	55	$73.46
14	10339	\N	29	$57.86
16	10339	\N	42	$72.96
11	10339	\N	45	$57.32
5	10339	\N	22	$53.34
15	10339	\N	55	$86.90
9	10339	\N	50	$62.16
8	10339	\N	50	$66.63
6	10339	\N	27	$49.66
8	10340	\N	55	$62.46
1	10340	\N	40	$63.76
2	10340	\N	55	$95.89
3	10340	\N	39	$67.41
4	10340	\N	40	$37.09
5	10340	\N	30	$73.99
7	10340	\N	55	$81.77
6	10340	\N	29	$98.48
9	10341	\N	41	$84.22
2	10341	\N	45	$192.62
8	10341	\N	55	$120.50
1	10341	\N	44	$111.57
10	10341	\N	36	$77.41
7	10341	\N	55	$109.40
6	10341	\N	32	$63.03
4	10341	\N	31	$95.93
3	10341	\N	38	$78.11
5	10341	\N	34	$70.40
2	10342	\N	40	$118.89
1	10342	\N	55	$63.14
3	10342	\N	22	$115.22
4	10342	\N	30	$167.65
5	10342	\N	25	$76.39
7	10342	\N	55	$136.70
8	10342	\N	26	$57.82
11	10342	\N	38	$124.99
9	10342	\N	39	$30.59
10	10342	\N	48	$60.01
6	10342	\N	42	$112.34
4	10343	\N	36	$109.51
3	10343	\N	25	$118.80
2	10343	\N	44	$127.15
6	10343	\N	27	$44.78
1	10343	\N	30	$76.80
5	10343	\N	29	$37.41
1	10344	\N	45	$168.30
2	10344	\N	40	$49.04
3	10344	\N	30	$118.23
4	10344	\N	21	$80.99
5	10344	\N	26	$68.42
7	10344	\N	29	$61.00
6	10344	\N	20	$27.88
1	10345	\N	43	$38.98
3	10346	\N	42	$88.36
1	10346	\N	25	$87.24
5	10346	\N	24	$117.44
2	10346	\N	24	$80.47
6	10346	\N	26	$103.87
4	10346	\N	22	$38.57
1	10347	\N	30	$188.58
2	10347	\N	27	$132.97
3	10347	\N	29	$132.57
5	10347	\N	42	$113.17
7	10347	\N	21	$46.36
8	10347	\N	50	$51.05
6	10347	\N	21	$136.69
9	10347	\N	48	$84.09
10	10347	\N	34	$60.59
11	10347	\N	45	$95.30
12	10347	\N	26	$84.33
4	10347	\N	45	$115.03
8	10348	\N	48	$207.80
4	10348	\N	47	$122.37
6	10348	\N	29	$43.77
1	10348	\N	37	$107.34
2	10348	\N	39	$82.78
3	10348	\N	42	$90.53
5	10348	\N	31	$62.70
7	10348	\N	32	$100.14
10	10349	\N	26	$166.10
9	10349	\N	48	$114.95
8	10349	\N	38	$142.45
7	10349	\N	38	$117.82
6	10349	\N	48	$164.26
5	10349	\N	34	$140.75
4	10349	\N	48	$50.29
3	10349	\N	36	$31.47
2	10349	\N	23	$111.18
1	10349	\N	33	$44.37
5	10350	\N	26	$110.16
6	10350	\N	43	$84.30
1	10350	\N	44	$135.22
2	10350	\N	41	$94.79
3	10350	\N	30	$70.22
7	10350	\N	34	$98.31
9	10350	\N	30	$86.74
10	10350	\N	25	$77.15
14	10350	\N	27	$61.52
8	10350	\N	31	$104.18
17	10350	\N	44	$56.82
11	10350	\N	46	$56.00
4	10350	\N	28	$76.22
12	10350	\N	29	$68.67
13	10350	\N	31	$87.15
16	10350	\N	25	$97.32
15	10350	\N	20	$48.05
1	10351	\N	39	$143.50
2	10351	\N	20	$104.81
5	10351	\N	25	$64.40
4	10351	\N	38	$53.92
3	10351	\N	34	$68.24
3	10352	\N	23	$75.13
2	10352	\N	49	$87.75
1	10352	\N	22	$62.19
4	10352	\N	49	$46.18
1	10353	\N	27	$71.81
2	10353	\N	28	$107.23
3	10353	\N	35	$69.55
5	10353	\N	46	$86.90
7	10353	\N	40	$68.10
8	10353	\N	40	$35.78
9	10353	\N	39	$73.07
4	10353	\N	48	$98.48
6	10353	\N	43	$74.40
6	10354	\N	42	$84.22
2	10354	\N	20	$95.15
3	10354	\N	42	$178.17
9	10354	\N	31	$157.60
4	10354	\N	35	$141.58
11	10354	\N	29	$98.65
12	10354	\N	23	$76.61
13	10354	\N	28	$100.19
8	10354	\N	21	$76.23
10	10354	\N	28	$49.06
7	10354	\N	36	$69.15
5	10354	\N	21	$96.92
1	10354	\N	28	$62.46
7	10355	\N	23	$117.59
1	10355	\N	31	$60.30
2	10355	\N	25	$124.99
3	10355	\N	41	$56.10
4	10355	\N	36	$37.38
6	10355	\N	44	$60.62
8	10355	\N	32	$137.62
9	10355	\N	28	$75.18
10	10355	\N	38	$32.99
5	10355	\N	40	$93.89
8	10356	\N	43	$120.31
9	10356	\N	50	$82.19
6	10356	\N	22	$44.75
2	10356	\N	27	$130.87
3	10356	\N	29	$106.79
1	10356	\N	30	$158.63
5	10356	\N	48	$31.86
7	10356	\N	26	$42.11
4	10356	\N	26	$78.11
10	10357	\N	32	$199.30
9	10357	\N	43	$135.92
8	10357	\N	49	$109.34
1	10357	\N	39	$112.00
7	10357	\N	41	$58.95
6	10357	\N	41	$91.18
5	10357	\N	49	$59.34
4	10357	\N	44	$104.72
3	10357	\N	25	$84.33
2	10357	\N	28	$105.34
5	10358	\N	49	$129.93
9	10358	\N	42	$98.36
10	10358	\N	20	$142.45
11	10358	\N	20	$99.41
12	10358	\N	32	$137.17
13	10358	\N	25	$117.77
8	10358	\N	30	$46.29
14	10358	\N	44	$56.07
7	10358	\N	41	$127.79
4	10358	\N	36	$33.59
6	10358	\N	41	$88.62
1	10358	\N	41	$82.83
2	10358	\N	36	$51.71
3	10358	\N	27	$85.98
6	10359	\N	48	$122.40
8	10359	\N	42	$180.79
5	10359	\N	49	$162.64
7	10359	\N	22	$108.82
3	10359	\N	36	$45.45
1	10359	\N	22	$62.14
2	10359	\N	46	$99.55
4	10359	\N	25	$47.45
12	10360	\N	50	$126.15
13	10360	\N	41	$68.43
14	10360	\N	46	$71.40
8	10360	\N	29	$122.93
18	10360	\N	29	$94.79
15	10360	\N	40	$101.64
1	10360	\N	40	$76.36
17	10360	\N	22	$106.14
2	10360	\N	31	$100.77
16	10360	\N	49	$55.49
3	10360	\N	36	$70.81
4	10360	\N	22	$78.83
5	10360	\N	32	$64.67
6	10360	\N	26	$86.61
7	10360	\N	30	$70.11
9	10360	\N	35	$83.14
10	10360	\N	31	$92.36
11	10360	\N	31	$54.05
13	10361	\N	20	$92.83
8	10361	\N	26	$114.18
6	10361	\N	34	$62.46
7	10361	\N	26	$61.42
1	10361	\N	25	$68.83
2	10361	\N	49	$56.41
3	10361	\N	33	$35.78
4	10361	\N	20	$88.60
14	10361	\N	24	$85.99
9	10361	\N	26	$91.74
5	10361	\N	44	$107.97
10	10361	\N	44	$76.80
11	10361	\N	35	$62.19
12	10361	\N	23	$47.67
4	10362	\N	22	$182.04
1	10362	\N	22	$131.04
3	10362	\N	23	$53.91
2	10362	\N	50	$91.29
3	10363	\N	33	$180.95
4	10363	\N	34	$106.87
5	10363	\N	34	$68.63
6	10363	\N	46	$103.64
7	10363	\N	22	$61.60
10	10363	\N	46	$69.15
11	10363	\N	24	$124.94
12	10363	\N	32	$52.22
13	10363	\N	28	$123.50
8	10363	\N	21	$70.08
14	10363	\N	43	$56.10
15	10363	\N	21	$52.05
1	10363	\N	31	$113.75
9	10363	\N	43	$75.99
2	10363	\N	50	$92.90
1	10364	\N	48	$38.22
1	10365	\N	30	$116.06
3	10365	\N	22	$82.66
2	10365	\N	44	$68.34
3	10366	\N	34	$116.65
2	10366	\N	49	$105.60
1	10366	\N	34	$154.10
1	10367	\N	49	$105.77
3	10367	\N	37	$144.50
4	10367	\N	45	$50.25
5	10367	\N	27	$124.59
7	10367	\N	32	$140.06
6	10367	\N	46	$131.39
8	10367	\N	43	$77.31
9	10367	\N	44	$66.99
10	10367	\N	21	$72.76
11	10367	\N	38	$50.31
13	10367	\N	23	$29.54
12	10367	\N	28	$43.01
2	10367	\N	36	$36.25
2	10368	\N	40	$73.60
5	10368	\N	31	$115.09
1	10368	\N	46	$83.04
4	10368	\N	20	$93.16
3	10368	\N	46	$36.52
2	10369	\N	41	$195.01
8	10369	\N	44	$89.38
7	10369	\N	32	$46.36
1	10369	\N	42	$100.30
6	10369	\N	28	$51.84
5	10369	\N	21	$90.06
4	10369	\N	45	$80.36
3	10369	\N	40	$93.49
4	10370	\N	35	$128.53
8	10370	\N	49	$128.47
1	10370	\N	27	$100.34
5	10370	\N	22	$101.87
7	10370	\N	22	$60.16
9	10370	\N	27	$167.65
6	10370	\N	29	$105.34
2	10370	\N	20	$41.76
3	10370	\N	25	$63.99
6	10371	\N	32	$178.71
4	10371	\N	49	$104.28
7	10371	\N	25	$160.46
12	10371	\N	25	$53.75
5	10371	\N	20	$126.51
8	10371	\N	45	$35.01
9	10371	\N	28	$95.81
1	10371	\N	26	$82.83
2	10371	\N	20	$44.37
11	10371	\N	30	$53.44
10	10371	\N	48	$97.23
3	10371	\N	34	$83.95
4	10372	\N	40	$146.55
1	10372	\N	34	$140.15
3	10372	\N	28	$131.13
5	10372	\N	25	$91.76
6	10372	\N	48	$119.20
7	10372	\N	41	$78.99
8	10372	\N	37	$102.00
9	10372	\N	24	$56.82
2	10372	\N	44	$74.48
3	10373	\N	39	$118.32
4	10373	\N	28	$143.50
5	10373	\N	22	$75.70
6	10373	\N	50	$99.52
7	10373	\N	38	$58.92
12	10373	\N	33	$82.31
11	10373	\N	46	$53.92
10	10373	\N	23	$83.86
13	10373	\N	39	$62.10
14	10373	\N	44	$58.00
15	10373	\N	32	$76.94
16	10373	\N	41	$69.39
2	10373	\N	34	$94.16
8	10373	\N	37	$83.42
17	10373	\N	45	$68.11
9	10373	\N	25	$44.20
1	10373	\N	29	$48.05
5	10374	\N	39	$115.37
1	10374	\N	22	$158.80
2	10374	\N	42	$75.19
4	10374	\N	22	$48.46
6	10374	\N	38	$112.70
3	10374	\N	46	$107.23
12	10375	\N	21	$76.56
7	10375	\N	45	$184.84
13	10375	\N	49	$150.62
9	10375	\N	23	$67.03
14	10375	\N	20	$60.26
2	10375	\N	43	$60.13
3	10375	\N	37	$87.90
4	10375	\N	44	$59.85
15	10375	\N	41	$96.95
5	10375	\N	49	$36.22
8	10375	\N	49	$69.16
6	10375	\N	37	$86.77
1	10375	\N	33	$94.73
10	10375	\N	25	$98.48
11	10375	\N	44	$69.60
1	10376	\N	35	$98.65
5	10377	\N	24	$65.44
1	10377	\N	50	$112.86
2	10377	\N	35	$124.56
4	10377	\N	31	$61.60
6	10377	\N	36	$125.18
3	10377	\N	39	$143.94
5	10378	\N	34	$121.95
4	10378	\N	22	$66.74
10	10378	\N	43	$146.99
9	10378	\N	28	$60.30
8	10378	\N	49	$122.02
7	10378	\N	41	$30.59
6	10378	\N	46	$52.66
3	10378	\N	33	$129.20
2	10378	\N	41	$80.84
1	10378	\N	40	$35.80
2	10379	\N	39	$156.40
1	10379	\N	27	$50.85
5	10379	\N	29	$113.52
4	10379	\N	32	$134.22
3	10379	\N	32	$48.80
13	10380	\N	27	$88.36
10	10380	\N	40	$119.50
8	10380	\N	21	$156.94
1	10380	\N	32	$78.23
2	10380	\N	24	$66.99
3	10380	\N	34	$66.88
4	10380	\N	32	$29.87
5	10380	\N	27	$37.63
6	10380	\N	36	$77.24
7	10380	\N	44	$111.57
9	10380	\N	44	$77.05
11	10380	\N	34	$91.02
12	10380	\N	43	$32.82
3	10381	\N	36	$182.16
6	10381	\N	37	$138.88
1	10381	\N	20	$132.57
2	10381	\N	48	$114.34
9	10381	\N	25	$49.60
7	10381	\N	35	$60.77
8	10381	\N	41	$100.30
4	10381	\N	40	$51.22
5	10381	\N	35	$93.20
10	10382	\N	34	$166.24
11	10382	\N	37	$145.04
12	10382	\N	34	$143.61
13	10382	\N	32	$103.10
5	10382	\N	25	$160.46
7	10382	\N	50	$84.33
1	10382	\N	39	$115.03
2	10382	\N	39	$46.29
3	10382	\N	20	$120.12
4	10382	\N	33	$97.39
6	10382	\N	26	$85.72
8	10382	\N	48	$57.53
9	10382	\N	34	$101.15
11	10383	\N	27	$119.05
9	10383	\N	24	$125.66
6	10383	\N	47	$155.79
12	10383	\N	26	$83.70
1	10383	\N	38	$137.88
7	10383	\N	28	$77.24
2	10383	\N	22	$52.60
3	10383	\N	40	$33.24
4	10383	\N	21	$117.10
5	10383	\N	32	$53.57
8	10383	\N	44	$55.93
13	10383	\N	29	$94.92
10	10383	\N	38	$48.62
4	10384	\N	34	$129.20
3	10384	\N	28	$114.29
2	10384	\N	43	$71.69
1	10384	\N	49	$71.02
2	10385	\N	37	$78.83
1	10385	\N	25	$62.00
7	10386	\N	25	$130.88
18	10386	\N	21	$72.65
5	10386	\N	37	$73.12
6	10386	\N	22	$100.58
11	10386	\N	33	$101.76
1	10386	\N	39	$56.86
9	10386	\N	35	$54.57
12	10386	\N	41	$55.96
8	10386	\N	50	$71.73
13	10386	\N	29	$85.09
14	10386	\N	37	$90.75
10	10386	\N	37	$67.22
17	10386	\N	32	$68.00
2	10386	\N	45	$83.14
3	10386	\N	30	$80.44
15	10386	\N	44	$59.22
16	10386	\N	50	$47.67
4	10386	\N	43	$52.42
1	10387	\N	44	$79.91
4	10388	\N	42	$80.39
5	10388	\N	50	$118.94
7	10388	\N	21	$156.86
6	10388	\N	44	$125.01
8	10388	\N	35	$58.47
1	10388	\N	27	$41.02
2	10388	\N	46	$74.90
3	10388	\N	50	$111.53
4	10389	\N	26	$182.90
6	10389	\N	25	$95.13
7	10389	\N	36	$76.61
8	10389	\N	47	$102.49
3	10389	\N	49	$63.91
5	10389	\N	39	$52.09
1	10389	\N	45	$112.70
2	10389	\N	49	$61.70
14	10390	\N	36	$117.48
15	10390	\N	34	$132.29
16	10390	\N	31	$102.98
7	10390	\N	26	$162.00
9	10390	\N	40	$75.59
1	10390	\N	50	$135.23
2	10390	\N	36	$54.09
3	10390	\N	49	$122.02
4	10390	\N	35	$67.87
5	10390	\N	37	$35.87
6	10390	\N	46	$51.43
8	10390	\N	45	$134.81
10	10390	\N	30	$66.29
11	10390	\N	41	$39.02
12	10390	\N	45	$101.03
13	10390	\N	22	$81.36
4	10391	\N	24	$195.01
7	10391	\N	37	$121.15
9	10391	\N	39	$110.70
10	10391	\N	29	$114.34
2	10391	\N	35	$102.74
3	10391	\N	42	$47.44
5	10391	\N	44	$57.73
6	10391	\N	32	$99.28
8	10391	\N	33	$26.55
1	10391	\N	24	$36.29
3	10392	\N	37	$61.21
2	10392	\N	29	$103.67
1	10392	\N	36	$98.22
8	10393	\N	35	$145.04
10	10393	\N	32	$99.54
11	10393	\N	20	$137.53
7	10393	\N	38	$104.32
9	10393	\N	30	$106.55
1	10393	\N	44	$41.76
2	10393	\N	33	$112.46
3	10393	\N	33	$88.62
4	10393	\N	38	$84.75
5	10393	\N	31	$63.35
6	10393	\N	21	$83.95
5	10394	\N	22	$135.47
1	10394	\N	37	$124.95
2	10394	\N	31	$53.18
6	10394	\N	46	$35.36
7	10394	\N	37	$104.09
3	10394	\N	36	$47.08
4	10394	\N	30	$55.93
2	10395	\N	32	$125.12
1	10395	\N	33	$205.72
4	10395	\N	46	$98.39
3	10395	\N	45	$57.99
3	10396	\N	33	$155.72
2	10396	\N	33	$129.76
4	10396	\N	24	$91.76
5	10396	\N	45	$83.38
6	10396	\N	49	$100.77
7	10396	\N	27	$77.00
8	10396	\N	37	$77.99
1	10396	\N	39	$62.00
5	10397	\N	32	$69.29
4	10397	\N	22	$62.88
3	10397	\N	48	$86.15
2	10397	\N	36	$80.44
1	10397	\N	34	$52.96
11	10398	\N	33	$130.88
15	10398	\N	34	$82.79
18	10398	\N	28	$70.54
17	10398	\N	45	$92.11
16	10398	\N	43	$100.67
3	10398	\N	28	$60.29
13	10398	\N	34	$61.15
2	10398	\N	41	$56.64
14	10398	\N	45	$65.93
4	10398	\N	22	$60.54
5	10398	\N	49	$38.84
6	10398	\N	47	$78.55
7	10398	\N	36	$75.13
8	10398	\N	22	$98.72
9	10398	\N	23	$102.04
10	10398	\N	29	$76.80
12	10398	\N	36	$62.19
1	10398	\N	34	$41.22
8	10399	\N	40	$77.52
7	10399	\N	51	$99.91
6	10399	\N	22	$156.86
5	10399	\N	29	$123.51
4	10399	\N	30	$51.48
3	10399	\N	57	$104.81
2	10399	\N	58	$75.41
1	10399	\N	32	$97.89
9	10400	\N	64	$134.64
1	10400	\N	34	$129.31
7	10400	\N	30	$74.84
6	10400	\N	58	$88.93
2	10400	\N	24	$55.49
3	10400	\N	38	$59.18
8	10400	\N	42	$74.64
5	10400	\N	46	$82.37
4	10400	\N	20	$41.71
3	10401	\N	42	$75.19
5	10401	\N	38	$87.54
12	10401	\N	64	$59.37
4	10401	\N	52	$65.93
1	10401	\N	49	$81.91
6	10401	\N	62	$62.60
7	10401	\N	56	$41.46
8	10401	\N	11	$77.64
10	10401	\N	85	$98.72
2	10401	\N	21	$96.11
9	10401	\N	77	$73.60
11	10401	\N	40	$66.63
1	10402	\N	45	$118.94
2	10402	\N	55	$58.15
3	10402	\N	59	$61.70
7	10403	\N	24	$85.17
9	10403	\N	66	$174.29
6	10403	\N	66	$122.00
1	10403	\N	36	$55.33
8	10403	\N	46	$109.32
4	10403	\N	27	$57.49
2	10403	\N	30	$35.80
5	10403	\N	45	$88.78
3	10403	\N	31	$65.09
3	10404	\N	64	$163.44
1	10404	\N	43	$102.17
4	10404	\N	77	$67.03
6	10404	\N	90	$67.54
5	10404	\N	28	$127.88
8	10404	\N	48	$124.99
2	10404	\N	49	$53.27
7	10404	\N	48	$65.48
5	10405	\N	97	$115.16
4	10405	\N	61	$72.38
1	10405	\N	55	$147.33
2	10405	\N	47	$37.38
3	10405	\N	76	$127.79
3	10406	\N	61	$124.56
2	10406	\N	48	$133.72
1	10406	\N	65	$117.26
11	10407	\N	59	$114.48
2	10407	\N	76	$141.10
1	10407	\N	42	$58.12
12	10407	\N	41	$132.00
3	10407	\N	6	$91.11
4	10407	\N	66	$64.14
8	10407	\N	26	$68.35
10	10407	\N	64	$45.78
6	10407	\N	76	$81.78
5	10407	\N	59	$98.65
7	10407	\N	13	$77.05
9	10407	\N	43	$101.73
1	10408	\N	15	$41.03
2	10409	\N	6	$104.25
1	10409	\N	61	$27.88
7	10410	\N	65	$99.66
6	10410	\N	44	$51.21
8	10410	\N	56	$145.13
1	10410	\N	47	$93.21
3	10410	\N	53	$49.97
2	10410	\N	34	$84.82
5	10410	\N	44	$81.35
9	10410	\N	31	$42.56
4	10410	\N	50	$95.44
9	10411	\N	23	$205.73
2	10411	\N	27	$144.79
6	10411	\N	40	$110.70
8	10411	\N	27	$109.67
3	10411	\N	46	$106.55
7	10411	\N	35	$41.25
1	10411	\N	26	$78.01
5	10411	\N	27	$60.76
4	10411	\N	34	$89.01
5	10412	\N	54	$100.73
4	10412	\N	41	$150.63
8	10412	\N	56	$120.28
11	10412	\N	47	$49.83
9	10412	\N	60	$157.49
2	10412	\N	21	$47.40
10	10412	\N	70	$109.90
6	10412	\N	30	$32.88
1	10412	\N	31	$108.82
7	10412	\N	19	$50.86
3	10412	\N	26	$105.33
2	10413	\N	36	$201.57
3	10413	\N	47	$145.04
1	10413	\N	22	$173.02
5	10413	\N	49	$133.57
6	10413	\N	24	$56.55
4	10413	\N	51	$53.31
3	10414	\N	49	$114.24
1	10414	\N	44	$77.42
12	10414	\N	41	$128.39
14	10414	\N	48	$85.71
11	10414	\N	56	$83.38
10	10414	\N	43	$108.14
5	10414	\N	60	$72.58
2	10414	\N	51	$72.96
6	10414	\N	37	$62.00
13	10414	\N	34	$74.48
4	10414	\N	31	$61.44
7	10414	\N	28	$84.14
8	10414	\N	40	$84.41
9	10414	\N	47	$54.60
5	10415	\N	51	$86.81
1	10415	\N	21	$60.97
2	10415	\N	18	$59.83
4	10415	\N	32	$73.32
3	10415	\N	42	$43.20
14	10416	\N	24	$129.31
4	10416	\N	15	$70.96
6	10416	\N	47	$90.82
1	10416	\N	32	$62.46
13	10416	\N	18	$64.83
5	10416	\N	48	$70.28
2	10416	\N	45	$86.90
7	10416	\N	26	$68.10
8	10416	\N	37	$39.71
9	10416	\N	23	$88.60
11	10416	\N	22	$84.76
3	10416	\N	41	$98.48
10	10416	\N	39	$65.60
12	10416	\N	43	$63.67
2	10417	\N	66	$79.43
5	10417	\N	45	$116.56
4	10417	\N	56	$162.67
1	10417	\N	21	$144.60
6	10417	\N	36	$58.75
3	10417	\N	35	$109.32
2	10418	\N	16	$70.76
1	10418	\N	27	$139.64
5	10418	\N	33	$56.57
4	10418	\N	28	$120.53
8	10418	\N	52	$64.41
3	10418	\N	10	$66.29
6	10418	\N	43	$36.61
9	10418	\N	50	$100.01
7	10418	\N	40	$72.41
13	10419	\N	12	$182.90
11	10419	\N	10	$111.57
14	10419	\N	34	$64.64
10	10419	\N	32	$99.04
5	10419	\N	38	$117.48
1	10419	\N	37	$100.80
9	10419	\N	39	$67.76
4	10419	\N	34	$133.72
2	10419	\N	55	$116.16
6	10419	\N	35	$165.95
3	10419	\N	43	$114.44
7	10419	\N	15	$32.10
12	10419	\N	55	$52.66
8	10419	\N	70	$112.34
5	10420	\N	37	$153.00
4	10420	\N	36	$52.06
2	10420	\N	45	$116.96
6	10420	\N	66	$73.62
7	10420	\N	36	$68.42
11	10420	\N	60	$60.26
13	10420	\N	37	$48.80
1	10420	\N	45	$32.19
9	10420	\N	39	$76.33
8	10420	\N	55	$115.09
10	10420	\N	35	$77.05
12	10420	\N	26	$104.94
3	10420	\N	15	$35.29
1	10421	\N	35	$167.06
2	10421	\N	40	$44.80
2	10422	\N	51	$91.44
1	10422	\N	25	$47.44
1	10423	\N	10	$89.15
3	10423	\N	31	$56.21
2	10423	\N	21	$98.44
5	10423	\N	21	$80.36
4	10423	\N	28	$78.89
6	10424	\N	50	$201.44
3	10424	\N	49	$121.64
5	10424	\N	54	$108.50
4	10424	\N	26	$40.25
2	10424	\N	44	$54.94
1	10424	\N	46	$85.98
12	10425	\N	38	$131.49
4	10425	\N	33	$95.99
3	10425	\N	28	$147.36
7	10425	\N	38	$117.82
10	10425	\N	19	$48.62
8	10425	\N	28	$140.55
13	10425	\N	38	$107.76
1	10425	\N	55	$53.75
9	10425	\N	49	$127.79
5	10425	\N	31	$31.82
11	10425	\N	41	$83.79
6	10425	\N	11	$50.32
2	10425	\N	18	$94.92
\.


--
-- Data for Name: orders; Type: TABLE DATA; Schema: public; Owner: postgres
--

COPY public.orders (order_number, order_date, customer_number) FROM stdin;
10100	2003-01-06 00:00:00	363
10101	2003-01-09 00:00:00	128
10102	2003-01-10 00:00:00	181
10103	2003-01-29 00:00:00	121
10104	2003-01-31 00:00:00	141
10105	2003-02-11 00:00:00	145
10106	2003-02-17 00:00:00	278
10107	2003-02-24 00:00:00	131
10108	2003-03-03 00:00:00	385
10109	2003-03-10 00:00:00	486
10110	2003-03-18 00:00:00	187
10111	2003-03-25 00:00:00	129
10112	2003-03-24 00:00:00	144
10113	2003-03-26 00:00:00	124
10114	2003-04-01 00:00:00	172
10115	2003-04-04 00:00:00	424
10116	2003-04-11 00:00:00	381
10117	2003-04-16 00:00:00	148
10118	2003-04-21 00:00:00	216
10119	2003-04-28 00:00:00	382
10120	2003-04-29 00:00:00	114
10121	2003-05-07 00:00:00	353
10122	2003-05-08 00:00:00	350
10123	2003-05-20 00:00:00	103
10124	2003-05-21 00:00:00	112
10125	2003-05-21 00:00:00	114
10126	2003-05-28 00:00:00	458
10127	2003-06-03 00:00:00	151
10128	2003-06-06 00:00:00	141
10129	2003-06-12 00:00:00	324
10130	2003-06-16 00:00:00	198
10131	2003-06-16 00:00:00	447
10132	2003-06-25 00:00:00	323
10133	2003-06-27 00:00:00	141
10134	2003-07-01 00:00:00	250
10135	2003-07-02 00:00:00	124
10136	2003-07-04 00:00:00	242
10137	2003-07-10 00:00:00	353
10138	2003-07-07 00:00:00	496
10139	2003-07-16 00:00:00	282
10140	2003-07-24 00:00:00	161
10141	2003-08-01 00:00:00	334
10142	2003-08-08 00:00:00	124
10143	2003-08-10 00:00:00	320
10144	2003-08-13 00:00:00	381
10145	2003-08-25 00:00:00	205
10146	2003-09-03 00:00:00	447
10147	2003-09-05 00:00:00	379
10148	2003-09-11 00:00:00	276
10149	2003-09-12 00:00:00	487
10150	2003-09-19 00:00:00	148
10151	2003-09-21 00:00:00	311
10152	2003-09-25 00:00:00	333
10153	2003-09-28 00:00:00	141
10154	2003-10-02 00:00:00	219
10155	2003-10-06 00:00:00	186
10156	2003-10-08 00:00:00	141
10157	2003-10-09 00:00:00	473
10158	2003-10-10 00:00:00	121
10159	2003-10-10 00:00:00	321
10160	2003-10-11 00:00:00	347
10161	2003-10-17 00:00:00	227
10162	2003-10-18 00:00:00	321
10163	2003-10-20 00:00:00	424
10164	2003-10-21 00:00:00	452
10165	2003-10-22 00:00:00	148
10166	2003-10-21 00:00:00	462
10167	2003-10-23 00:00:00	448
10168	2003-10-28 00:00:00	161
10169	2003-11-04 00:00:00	276
10170	2003-11-04 00:00:00	452
10171	2003-11-05 00:00:00	233
10172	2003-11-05 00:00:00	175
10173	2003-11-05 00:00:00	278
10174	2003-11-06 00:00:00	333
10175	2003-11-06 00:00:00	324
10176	2003-11-06 00:00:00	386
10177	2003-11-07 00:00:00	344
10178	2003-11-08 00:00:00	242
10179	2003-11-11 00:00:00	496
10180	2003-11-11 00:00:00	171
10181	2003-11-12 00:00:00	167
10182	2003-11-12 00:00:00	124
10183	2003-11-13 00:00:00	339
10184	2003-11-14 00:00:00	484
10185	2003-11-14 00:00:00	320
10186	2003-11-14 00:00:00	489
10187	2003-11-15 00:00:00	211
10188	2003-11-18 00:00:00	167
10189	2003-11-18 00:00:00	205
10190	2003-11-19 00:00:00	141
10191	2003-11-20 00:00:00	259
10192	2003-11-20 00:00:00	363
10193	2003-11-21 00:00:00	471
10194	2003-11-25 00:00:00	146
10195	2003-11-25 00:00:00	319
10196	2003-11-26 00:00:00	455
10197	2003-11-26 00:00:00	216
10198	2003-11-27 00:00:00	385
10199	2003-12-01 00:00:00	475
10200	2003-12-01 00:00:00	211
10201	2003-12-01 00:00:00	129
10202	2003-12-02 00:00:00	357
10203	2003-12-02 00:00:00	141
10204	2003-12-02 00:00:00	151
10205	2003-12-03 00:00:00	141
10206	2003-12-05 00:00:00	202
10207	2003-12-09 00:00:00	495
10208	2004-01-02 00:00:00	146
10209	2004-01-09 00:00:00	347
10210	2004-01-12 00:00:00	177
10211	2004-01-15 00:00:00	406
10212	2004-01-16 00:00:00	141
10213	2004-01-22 00:00:00	489
10214	2004-01-26 00:00:00	458
10215	2004-01-29 00:00:00	475
10216	2004-02-02 00:00:00	256
10217	2004-02-04 00:00:00	166
10218	2004-02-09 00:00:00	473
10219	2004-02-10 00:00:00	487
10220	2004-02-12 00:00:00	189
10221	2004-02-18 00:00:00	314
10222	2004-02-19 00:00:00	239
10223	2004-02-20 00:00:00	114
10224	2004-02-21 00:00:00	171
10225	2004-02-22 00:00:00	298
10226	2004-02-26 00:00:00	239
10227	2004-03-02 00:00:00	146
10228	2004-03-10 00:00:00	173
10229	2004-03-11 00:00:00	124
10230	2004-03-15 00:00:00	128
10231	2004-03-19 00:00:00	344
10232	2004-03-20 00:00:00	240
10233	2004-03-29 00:00:00	328
10234	2004-03-30 00:00:00	412
10235	2004-04-02 00:00:00	260
10236	2004-04-03 00:00:00	486
10237	2004-04-05 00:00:00	181
10238	2004-04-09 00:00:00	145
10239	2004-04-12 00:00:00	311
10240	2004-04-13 00:00:00	177
10241	2004-04-13 00:00:00	209
10242	2004-04-20 00:00:00	456
10243	2004-04-26 00:00:00	495
10244	2004-04-29 00:00:00	141
10245	2004-05-04 00:00:00	455
10246	2004-05-05 00:00:00	141
10247	2004-05-05 00:00:00	334
10248	2004-05-07 00:00:00	131
10249	2004-05-08 00:00:00	173
10250	2004-05-11 00:00:00	450
10251	2004-05-18 00:00:00	328
10252	2004-05-26 00:00:00	406
10253	2004-06-01 00:00:00	201
10254	2004-06-03 00:00:00	323
10255	2004-06-04 00:00:00	209
10256	2004-06-08 00:00:00	145
10257	2004-06-14 00:00:00	450
10258	2004-06-15 00:00:00	398
10259	2004-06-15 00:00:00	166
10260	2004-06-16 00:00:00	357
10261	2004-06-17 00:00:00	233
10262	2004-06-24 00:00:00	141
10263	2004-06-28 00:00:00	175
10264	2004-06-30 00:00:00	362
10265	2004-07-02 00:00:00	471
10266	2004-07-06 00:00:00	386
10267	2004-07-07 00:00:00	151
10268	2004-07-12 00:00:00	412
10269	2004-07-16 00:00:00	382
10270	2004-07-19 00:00:00	282
10271	2004-07-20 00:00:00	124
10272	2004-07-20 00:00:00	157
10273	2004-07-21 00:00:00	314
10274	2004-07-21 00:00:00	379
10275	2004-07-23 00:00:00	119
10276	2004-08-02 00:00:00	204
10277	2004-08-04 00:00:00	148
10278	2004-08-06 00:00:00	112
10279	2004-08-09 00:00:00	141
10280	2004-08-17 00:00:00	249
10281	2004-08-19 00:00:00	157
10282	2004-08-20 00:00:00	124
10283	2004-08-20 00:00:00	260
10284	2004-08-21 00:00:00	299
10285	2004-08-27 00:00:00	286
10286	2004-08-28 00:00:00	172
10287	2004-08-30 00:00:00	298
10288	2004-09-01 00:00:00	166
10289	2004-09-03 00:00:00	167
10290	2004-09-07 00:00:00	198
10291	2004-09-08 00:00:00	448
10292	2004-09-08 00:00:00	131
10293	2004-09-09 00:00:00	249
10294	2004-09-10 00:00:00	204
10295	2004-09-10 00:00:00	362
10296	2004-09-15 00:00:00	415
10297	2004-09-16 00:00:00	189
10298	2004-09-27 00:00:00	103
10299	2004-09-30 00:00:00	186
10300	2003-10-04 00:00:00	128
10301	2003-10-05 00:00:00	299
10302	2003-10-06 00:00:00	201
10303	2004-10-06 00:00:00	484
10304	2004-10-11 00:00:00	256
10305	2004-10-13 00:00:00	286
10306	2004-10-14 00:00:00	187
10307	2004-10-14 00:00:00	339
10308	2004-10-15 00:00:00	319
10309	2004-10-15 00:00:00	121
10310	2004-10-16 00:00:00	259
10311	2004-10-16 00:00:00	141
10312	2004-10-21 00:00:00	124
10313	2004-10-22 00:00:00	202
10314	2004-10-22 00:00:00	227
10315	2004-10-29 00:00:00	119
10316	2004-11-01 00:00:00	240
10317	2004-11-02 00:00:00	161
10318	2004-11-02 00:00:00	157
10319	2004-11-03 00:00:00	456
10320	2004-11-03 00:00:00	144
10321	2004-11-04 00:00:00	462
10322	2004-11-04 00:00:00	363
10323	2004-11-05 00:00:00	128
10324	2004-11-05 00:00:00	181
10325	2004-11-05 00:00:00	121
10326	2004-11-09 00:00:00	144
10327	2004-11-10 00:00:00	145
10328	2004-11-12 00:00:00	278
10329	2004-11-15 00:00:00	131
10330	2004-11-16 00:00:00	385
10331	2004-11-17 00:00:00	486
10332	2004-11-17 00:00:00	187
10333	2004-11-18 00:00:00	129
10334	2004-11-19 00:00:00	144
10335	2004-11-19 00:00:00	124
10336	2004-11-20 00:00:00	172
10337	2004-11-21 00:00:00	424
10338	2004-11-22 00:00:00	381
10339	2004-11-23 00:00:00	398
10340	2004-11-24 00:00:00	216
10341	2004-11-24 00:00:00	382
10342	2004-11-24 00:00:00	114
10343	2004-11-24 00:00:00	353
10344	2004-11-25 00:00:00	350
10345	2004-11-25 00:00:00	103
10346	2004-11-29 00:00:00	112
10347	2004-11-29 00:00:00	114
10348	2004-11-01 00:00:00	458
10349	2004-12-01 00:00:00	151
10350	2004-12-02 00:00:00	141
10351	2004-12-03 00:00:00	324
10352	2004-12-03 00:00:00	198
10353	2004-12-04 00:00:00	447
10354	2004-12-04 00:00:00	323
10355	2004-12-07 00:00:00	141
10356	2004-12-09 00:00:00	250
10357	2004-12-10 00:00:00	124
10358	2004-12-10 00:00:00	141
10359	2004-12-15 00:00:00	353
10360	2004-12-16 00:00:00	496
10361	2004-12-17 00:00:00	282
10362	2005-01-05 00:00:00	161
10363	2005-01-06 00:00:00	334
10364	2005-01-06 00:00:00	350
10365	2005-01-07 00:00:00	320
10366	2005-01-10 00:00:00	381
10367	2005-01-12 00:00:00	205
10368	2005-01-19 00:00:00	124
10369	2005-01-20 00:00:00	379
10370	2005-01-20 00:00:00	276
10371	2005-01-23 00:00:00	124
10372	2005-01-26 00:00:00	398
10373	2005-01-31 00:00:00	311
10374	2005-02-02 00:00:00	333
10375	2005-02-03 00:00:00	119
10376	2005-02-08 00:00:00	219
10377	2005-02-09 00:00:00	186
10378	2005-02-10 00:00:00	141
10379	2005-02-10 00:00:00	141
10380	2005-02-16 00:00:00	141
10381	2005-02-17 00:00:00	321
10382	2005-02-17 00:00:00	124
10383	2005-02-22 00:00:00	141
10384	2005-02-23 00:00:00	321
10385	2005-02-28 00:00:00	124
10386	2005-03-01 00:00:00	141
10387	2005-03-02 00:00:00	148
10388	2005-03-03 00:00:00	462
10389	2005-03-03 00:00:00	448
10390	2005-03-04 00:00:00	124
10391	2005-03-09 00:00:00	276
10392	2005-03-10 00:00:00	452
10393	2005-03-11 00:00:00	323
10394	2005-03-15 00:00:00	141
10395	2005-03-17 00:00:00	250
10396	2005-03-23 00:00:00	124
10397	2005-03-28 00:00:00	242
10398	2005-03-30 00:00:00	353
10399	2005-04-01 00:00:00	496
10400	2005-04-01 00:00:00	450
10401	2005-04-03 00:00:00	328
10402	2005-04-07 00:00:00	406
10403	2005-04-08 00:00:00	201
10404	2005-04-08 00:00:00	323
10405	2005-04-14 00:00:00	209
10406	2005-04-15 00:00:00	145
10407	2005-04-22 00:00:00	450
10408	2005-04-22 00:00:00	398
10409	2005-04-23 00:00:00	166
10410	2005-04-29 00:00:00	357
10411	2005-05-01 00:00:00	233
10412	2005-05-03 00:00:00	141
10413	2005-05-05 00:00:00	175
10414	2005-05-06 00:00:00	362
10415	2005-05-09 00:00:00	471
10416	2005-05-10 00:00:00	386
10417	2005-05-13 00:00:00	141
10418	2005-05-16 00:00:00	412
10419	2005-05-17 00:00:00	382
10420	2005-05-29 00:00:00	282
10421	2005-05-29 00:00:00	124
10422	2005-05-30 00:00:00	157
10423	2005-05-30 00:00:00	314
10424	2005-05-31 00:00:00	141
10425	2005-05-31 00:00:00	119
\.


--
-- Data for Name: products; Type: TABLE DATA; Schema: public; Owner: postgres
--

COPY public.products (product_code, product_name, product_line, buy_price, msrp) FROM stdin;
S10_1949	1952 Alpine Renault 1300	Classic Cars	$98.58	$214.30
S10_4757	1972 Alfa Romeo GTA	Classic Cars	$85.68	$136.00
S10_4962	1962 LanciaA Delta 16V	Classic Cars	$103.42	$147.74
S12_1099	1968 Ford Mustang	Classic Cars	$95.34	$194.57
S12_1108	2001 Ferrari Enzo	Classic Cars	$95.59	$207.80
S12_3148	1969 Corvair Monza	Classic Cars	$89.14	$151.08
S12_3380	1968 Dodge Charger	Classic Cars	$75.16	$117.44
S12_3891	1969 Ford Falcon	Classic Cars	$83.05	$173.02
S12_3990	1970 Plymouth Hemi Cuda	Classic Cars	$31.92	$79.80
S12_4675	1969 Dodge Charger	Classic Cars	$58.73	$115.16
S18_1129	1993 Mazda RX-7	Classic Cars	$83.51	$141.54
S18_1589	1965 Aston Martin DB5	Classic Cars	$65.96	$124.44
S18_1889	1948 Porsche 356-A Roadster	Classic Cars	$53.90	$77.00
S18_1984	1995 Honda Civic	Classic Cars	$93.89	$142.25
S18_2238	1998 Chrysler Plymouth Prowler	Classic Cars	$101.51	$163.73
S18_2870	1999 Indy 500 Monte Carlo SS	Classic Cars	$56.76	$132.00
S18_3232	1992 Ferrari 360 Spider red	Classic Cars	$77.90	$169.34
S18_3233	1985 Toyota Supra	Classic Cars	$57.01	$107.57
S18_3278	1969 Dodge Super Bee	Classic Cars	$49.05	$80.41
S18_3482	1976 Ford Gran Torino	Classic Cars	$73.49	$146.99
S18_3685	1948 Porsche Type 356 Roadster	Classic Cars	$62.16	$141.28
S18_4027	1970 Triumph Spitfire	Classic Cars	$91.92	$143.62
S18_4721	1957 Corvette Convertible	Classic Cars	$69.93	$148.80
S18_4933	1957 Ford Thunderbird	Classic Cars	$34.21	$71.27
S24_1046	1970 Chevy Chevelle SS 454	Classic Cars	$49.24	$73.49
S24_1444	1970 Dodge Coronet	Classic Cars	$32.37	$57.80
S24_1628	1966 Shelby Cobra 427 S/C	Classic Cars	$29.18	$50.31
S24_2766	1949 Jaguar XK 120	Classic Cars	$47.25	$90.87
S24_2840	1958 Chevy Corvette Limited Edition	Classic Cars	$15.91	$35.36
S24_2887	1952 Citroen-15CV	Classic Cars	$72.82	$117.44
S24_2972	1982 Lamborghini Diablo	Classic Cars	$16.24	$37.76
S24_3191	1969 Chevrolet Camaro Z28	Classic Cars	$50.51	$85.61
S24_3371	1971 Alpine Renault 1600s	Classic Cars	$38.58	$61.23
S24_3432	2002 Chevy Corvette	Classic Cars	$62.11	$107.08
S24_3856	1956 Porsche 356A Coupe	Classic Cars	$98.30	$140.43
S24_4048	1992 Porsche Cayenne Turbo Silver	Classic Cars	$69.78	$118.28
S24_4620	1961 Chevrolet Impala	Classic Cars	$32.33	$80.84
S700_2824	1982 Camaro Z28	Classic Cars	$46.53	$101.15
S10_1678	1969 Harley Davidson Ultimate Chopper	Motorcycles	$48.81	$95.70
S10_2016	1996 Moto Guzzi 1100i	Motorcycles	$68.99	$118.94
S10_4698	2003 Harley-Davidson Eagle Drag Bike	Motorcycles	$91.02	$193.66
S12_2823	2002 Suzuki XREO	Motorcycles	$66.27	$150.62
S18_2625	1936 Harley Davidson El Knucklehead	Motorcycles	$24.23	$60.57
S18_3782	1957 Vespa GS150	Motorcycles	$32.95	$62.17
S24_1578	1997 BMW R 1100 S	Motorcycles	$60.86	$112.70
S24_2000	1960 BSA Gold Star DBD34	Motorcycles	$37.32	$76.17
S24_2360	1982 Ducati 900 Monster	Motorcycles	$47.10	$69.26
S32_1374	1997 BMW F650 ST	Motorcycles	$66.92	$99.89
S32_2206	1982 Ducati 996 R	Motorcycles	$24.14	$40.23
S32_4485	1974 Ducati 350 Mk3 Desmo	Motorcycles	$56.13	$102.05
S50_4713	2002 Yamaha YZR M1	Motorcycles	$34.17	$81.36
S18_1662	1980s Black Hawk Helicopter	Planes	$77.27	$157.69
S18_2581	P-51-D Mustang	Planes	$49.00	$84.48
S24_1785	1928 British Royal Navy Airplane	Planes	$66.74	$109.42
S24_2841	1900s Vintage Bi-Plane	Planes	$34.25	$68.51
S24_3949	Corsair F4U ( Bird Cage)	Planes	$29.34	$68.24
S24_4278	1900s Vintage Tri-Plane	Planes	$36.23	$72.45
S700_1691	American Airlines: B767-300	Planes	$51.15	$91.34
S700_2466	America West Airlines B757-200	Planes	$68.80	$99.72
S700_2834	ATA: B757-300	Planes	$59.33	$118.65
S700_3167	F/A 18 Hornet 1/72	Planes	$54.40	$80.00
S700_4002	American Airlines: MD-11S	Planes	$36.27	$74.03
S72_1253	Boeing X-32A JSF	Planes	$32.77	$49.66
S18_3029	1999 Yamaha Speed Boat	Ships	$51.61	$86.02
S24_2011	18th century schooner	Ships	$82.34	$122.89
S700_1138	The Schooner Bluenose	Ships	$34.00	$66.67
S700_1938	The Mayflower	Ships	$43.30	$86.61
S700_2047	HMS Bounty	Ships	$39.83	$90.52
S700_2610	The USS Constitution Ship	Ships	$33.97	$72.28
S700_3505	The Titanic	Ships	$51.09	$100.17
S700_3962	The Queen Mary	Ships	$53.63	$99.31
S72_3212	Pont Yacht	Ships	$33.30	$54.60
S18_3259	Collectable Wooden Train	Trains	$67.56	$100.84
S32_3207	1950's Chicago Surface Lines Streetcar	Trains	$26.72	$62.14
S50_1514	1962 City of Detroit Streetcar	Trains	$37.49	$58.58
S12_1666	1958 Setra Bus	Trucks and Buses	$77.90	$136.67
S12_4473	1957 Chevy Pickup	Trucks and Buses	$55.70	$118.50
S18_1097	1940 Ford Pickup Truck	Trucks and Buses	$58.33	$116.67
S18_2319	1964 Mercedes Tour Bus	Trucks and Buses	$74.86	$122.73
S18_2432	1926 Ford Fire Engine	Trucks and Buses	$24.92	$60.77
S18_4600	1940s Ford truck	Trucks and Buses	$84.76	$121.08
S24_2300	1962 Volkswagen Microbus	Trucks and Buses	$61.34	$127.79
S32_1268	1980s GM Manhattan Express	Trucks and Buses	$53.93	$96.31
S32_2509	1954 Greyhound Scenicruiser	Trucks and Buses	$25.98	$54.11
S32_3522	1996 Peterbilt 379 Stake Bed with Outrigger	Trucks and Buses	$33.61	$64.64
S50_1392	Diamond T620 Semi-Skirted Tanker	Trucks and Buses	$68.29	$115.75
S18_1342	1937 Lincoln Berline	Vintage Cars	$60.62	$102.74
S18_1367	1936 Mercedes-Benz 500K Special Roadster	Vintage Cars	$24.26	$53.91
S18_1749	1917 Grand Touring Sedan	Vintage Cars	$86.70	$170.00
S18_2248	1911 Ford Town Car	Vintage Cars	$33.30	$60.54
S18_2325	1932 Model A Ford J-Coupe	Vintage Cars	$58.48	$127.13
S18_2795	1928 Mercedes-Benz SSK	Vintage Cars	$72.56	$168.75
S18_2949	1913 Ford Model T Speedster	Vintage Cars	$60.78	$101.31
S18_2957	1934 Ford V8 Coupe	Vintage Cars	$34.35	$62.46
S18_3136	18th Century Vintage Horse Carriage	Vintage Cars	$60.74	$104.72
S18_3140	1903 Ford Model A	Vintage Cars	$68.30	$136.59
S18_3320	1917 Maxwell Touring Car	Vintage Cars	$57.54	$99.21
S18_3856	1941 Chevrolet Special Deluxe Cabriolet	Vintage Cars	$64.58	$105.87
S18_4409	1932 Alfa Romeo 8C2300 Spider Sport	Vintage Cars	$43.26	$92.03
S18_4522	1904 Buick Runabout	Vintage Cars	$52.66	$87.77
S18_4668	1939 Cadillac Limousine	Vintage Cars	$23.14	$50.31
S24_1937	1939 Chevrolet Deluxe Coupe	Vintage Cars	$22.57	$33.19
S24_2022	1938 Cadillac V-16 Presidential Limousine	Vintage Cars	$20.61	$44.80
S24_3151	1912 Ford Model T Delivery Wagon	Vintage Cars	$46.91	$88.51
S24_3420	1937 Horch 930V Limousine	Vintage Cars	$26.30	$65.75
S24_3816	1940 Ford Delivery Sedan	Vintage Cars	$48.64	$83.86
S24_3969	1936 Mercedes Benz 500k Roadster	Vintage Cars	$21.75	$41.03
S24_4258	1936 Chrysler Airflow	Vintage Cars	$57.46	$97.39
S32_4289	1928 Ford Phaeton Deluxe	Vintage Cars	$33.02	$68.79
S50_1341	1930 Buick Marquette Phaeton	Vintage Cars	$27.06	$43.64
\.


--
-- Name: customers customers_pkey; Type: CONSTRAINT; Schema: public; Owner: postgres
--

ALTER TABLE ONLY public.customers
    ADD CONSTRAINT customers_pkey PRIMARY KEY (customer_number);


--
-- Name: order_details order_details_pkey; Type: CONSTRAINT; Schema: public; Owner: postgres
--

ALTER TABLE ONLY public.order_details
    ADD CONSTRAINT order_details_pkey PRIMARY KEY (order_line_number, order_number);


--
-- Name: orders orders_pkey; Type: CONSTRAINT; Schema: public; Owner: postgres
--

ALTER TABLE ONLY public.orders
    ADD CONSTRAINT orders_pkey PRIMARY KEY (order_number);


--
-- Name: products products_pkey; Type: CONSTRAINT; Schema: public; Owner: postgres
--

ALTER TABLE ONLY public.products
    ADD CONSTRAINT products_pkey PRIMARY KEY (product_code);


--
-- Name: order_details order_details_order_number_fkey; Type: FK CONSTRAINT; Schema: public; Owner: postgres
--

ALTER TABLE ONLY public.order_details
    ADD CONSTRAINT order_details_order_number_fkey FOREIGN KEY (order_number) REFERENCES public.orders(order_number);


--
-- Name: order_details order_details_product_code_fkey; Type: FK CONSTRAINT; Schema: public; Owner: postgres
--

ALTER TABLE ONLY public.order_details
    ADD CONSTRAINT order_details_product_code_fkey FOREIGN KEY (product_code) REFERENCES public.products(product_code);


--
-- Name: orders orders_customer_number_fkey; Type: FK CONSTRAINT; Schema: public; Owner: postgres
--

ALTER TABLE ONLY public.orders
    ADD CONSTRAINT orders_customer_number_fkey FOREIGN KEY (customer_number) REFERENCES public.customers(customer_number);


--
-- PostgreSQL database dump complete
--

